country,theme,source_name,owner,url,access_method,api_base_or_endpoint,dataset_or_table_id,update_frequency,geography_level,analysis_use,priority,status,verified_date,notes
Nordic,prices,Eurostat HICP monthly,Eurostat,https://ec.europa.eu/eurostat/api/dissemination/statistics/1.0/data/prc_hicp_midx,api,https://ec.europa.eu/eurostat/api/dissemination/statistics/1.0/data,prc_hicp_midx,monthly,country,food inflation comparison,HIGH,ready,2026-03-11,filter coicop CP01 and geo DK FI IS NO SE
Nordic,prices,Eurostat price level indices food,Eurostat,https://ec.europa.eu/eurostat/api/dissemination/statistics/1.0/data/prc_ppp_ind,api,https://ec.europa.eu/eurostat/api/dissemination/statistics/1.0/data,prc_ppp_ind,annual,country,food price level comparison,HIGH,ready,2026-03-11,filter product food and beverages
Nordic,food_balance,FAOSTAT food balances,FAO,https://www.fao.org/faostat/en/#data/FBS,portal,https://fenixservices.fao.org/faostat/api/v1/en/FoodBalances,FBS,annual,country,self sufficiency and calorie balance,HIGH,ready,2026-03-11,includes Iceland and comparable national balances
Nordic,overview,Nordic Statistics,Nordic Council of Ministers,https://www.norden.org/en/statistics,portal,,,annual,country,nordic benchmark and context,MEDIUM,ready,2026-03-11,good entry point and comparison layer
Nordic,regional,State of the Nordic Region,Nordregio,https://nordregio.org/research/state-of-the-nordic-region/,download,,,annual,region,regional context and benchmark baselines,MEDIUM,ready,2026-03-11,context source not primary time series
NO,prices,SSB CPI goods and services,Statistics Norway,https://data.ssb.no/api/v0/en/table/14700/,api,https://data.ssb.no/api/v0/en/table/14700/,14700,monthly,country,food CPI baseline,HIGH,ready,2026-03-11,filter VareTjenesteGrp 01
NO,prices,SSB archived CPI bridge,Statistics Norway,https://data.ssb.no/api/v0/en/table/03013/,api,https://data.ssb.no/api/v0/en/table/03013/,03013,monthly,country,historical bridge for food CPI,HIGH,ready,2026-03-11,legacy series retained for methodology
NO,prices,SSB producer price index,Statistics Norway,https://data.ssb.no/api/v0/en/table/12462/,api,https://data.ssb.no/api/v0/en/table/12462/,12462,monthly,country,food PPI and price transmission,HIGH,ready,2026-03-11,filter food manufacturing and domestic market
NO,trade,SSB external trade by country,Statistics Norway,https://data.ssb.no/api/v0/en/table/08804/,api,https://data.ssb.no/api/v0/en/table/08804/,08804,annual,country partner,imports and exports by country,HIGH,ready,2026-03-11,main figures NOK million
NO,trade,SSB external trade main figures monthly,Statistics Norway,https://data.ssb.no/api/v0/en/table/08792/,api,https://data.ssb.no/api/v0/en/table/08792/,08792,monthly,country,trade trend and shock analysis,HIGH,ready,2026-03-11,main figures monthly
NO,waste,SSB household waste key figures,Statistics Norway,https://data.ssb.no/api/v0/en/table/12241/,api,https://data.ssb.no/api/v0/en/table/12241/,12241,annual,municipality,household waste baseline,MEDIUM,ready,2026-03-11,KOSTRA services table
NO,retail,SSB wholesale and retail index,Statistics Norway,https://data.ssb.no/api/v0/en/table/07129/,api,https://data.ssb.no/api/v0/en/table/07129/,07129,monthly,industry,retail activity context,MEDIUM,ready,2026-03-11,SIC2007 retail and wholesale
NO,agriculture,SSB cereals and oil seeds production,Statistics Norway,https://data.ssb.no/api/v0/en/table/07479/,api,https://data.ssb.no/api/v0/en/table/07479/,07479,annual,country,grain production and self sufficiency,HIGH,ready,2026-03-11,total production 1 000 tonnes
NO,register,Brreg organisations API,Brønnøysundregistrene,https://data.brreg.no/enhetsregisteret/api/enheter,api,https://data.brreg.no/enhetsregisteret/api/enheter,,continuous,unit,chain and unit mapping,HIGH,ready,2026-03-11,combine with underenheter endpoint
NO,geodata,Geonorge municipalities,Kartverket,https://kartkatalog.geonorge.no/metadata/administrative-enheter-kommuner/f8838df0-0686-42e2-b8a6-629c5d293dda,download,,f8838df0-0686-42e2-b8a6-629c5d293dda,periodic,municipality,spatial joins and food access,HIGH,ready,2026-03-11,administrative boundaries
NO,self_sufficiency,NIBIO self sufficiency,NIBIO,https://www.nibio.no/en/about-eng/research-matters/division-of-survey-and-statistics/research-matters-survey-and-statistics-2024/the-challenge-of-food-self-sufficiency,download,,,annual,country,self sufficiency method and narrative,HIGH,ready,2026-03-11,method source not api
NO,competition,Konkurransetilsynet grocery case,Konkurransetilsynet,https://konkurransetilsynet.no/anticompetitive-practices-may-have-led-to-higher-grocery-prices/?lang=en,download,,,event based,country,market power and enforcement,HIGH,ready,2026-03-11,pair with 2025 margin study PDF
DK,prices,StatBank consumer price index,Statistics Denmark,https://api.statbank.dk/v1/tableinfo?lang=en&id=PRIS01,api,https://api.statbank.dk/v1/tableinfo?lang=en&id=PRIS01,PRIS01,monthly,country,food CPI baseline,HIGH,ready,2026-03-11,filter VAREGR 01
DK,prices,StatBank HICP,Statistics Denmark,https://api.statbank.dk/v1/tableinfo?lang=en&id=PRIS07,api,https://api.statbank.dk/v1/tableinfo?lang=en&id=PRIS07,PRIS07,monthly,country,HICP comparison,HIGH,ready,2026-03-11,filter VAREGR 01
DK,prices,StatBank price level indices food,Statistics Denmark,https://api.statbank.dk/v1/tableinfo?lang=en&id=PPP1,api,https://api.statbank.dk/v1/tableinfo?lang=en&id=PPP1,PPP1,annual,country,food price level vs EU,HIGH,ready,2026-03-11,EU 100 benchmark
DK,prices,StatBank producer price index commodities,Statistics Denmark,https://api.statbank.dk/v1/tableinfo?lang=en&id=PRIS4221,api,https://api.statbank.dk/v1/tableinfo?lang=en&id=PRIS4221,PRIS4221,monthly,industry,upstream price pressure,MEDIUM,ready,2026-03-11,use food related industrial groups where available
DK,trade,StatBank imports and exports CN monthly,Statistics Denmark,https://api.statbank.dk/v1/tableinfo?lang=en&id=KN8M,api,https://api.statbank.dk/v1/tableinfo?lang=en&id=KN8M,KN8M,monthly,country partner commodity,imports and exports by CN,HIGH,ready,2026-03-11,CN detailed goods trade
DK,agriculture,StatBank economic accounts agriculture,Statistics Denmark,https://api.statbank.dk/v1/tableinfo?lang=en&id=JOEK1,api,https://api.statbank.dk/v1/tableinfo?lang=en&id=JOEK1,JOEK1,annual,country,agricultural production and income,HIGH,ready,2026-03-11,product and price unit dimensions
DK,agriculture,StatBank farm gate prices barley and wheat,Statistics Denmark,https://api.statbank.dk/v1/tableinfo?lang=en&id=KAPIT1,api,https://api.statbank.dk/v1/tableinfo?lang=en&id=KAPIT1,KAPIT1,monthly,country,farm gate price signal,MEDIUM,ready,2026-03-11,grain market proxy
DK,agriculture,StatBank farms,Statistics Denmark,https://api.statbank.dk/v1/tableinfo?lang=en&id=BDF11,api,https://api.statbank.dk/v1/tableinfo?lang=en&id=BDF11,BDF11,annual,region,farm structure and area,HIGH,ready,2026-03-11,region and farm type dimensions
DK,retail,StatBank organic food turnover retail,Statistics Denmark,https://api.statbank.dk/v1/tableinfo?lang=en&id=OEKO3,api,https://api.statbank.dk/v1/tableinfo?lang=en&id=OEKO3,OEKO3,annual,country,retail organic turnover and food system niche,MEDIUM,ready,2026-03-11,retail specific
DK,register,Virk CVR,The Danish Business Authority,https://virk.dk/,portal,,,continuous,unit,company and unit lookup,HIGH,ready,2026-03-11,public register access point
DK,competition,KFST grocery decision 2025,Konkurrence og Forbrugerstyrelsen,https://en.kfst.dk/nyheder/kfst/english/decisions/2025/20250326-salling-group-acquires-33-stores-from-coop-danmark,download,,,event based,country,competition and local concentration,HIGH,ready,2026-03-11,phase II grocery merger
DK,food_control,FindSmiley,Fødevarestyrelsen,https://findsmiley.dk/,portal,,,continuous,establishment,food business location validation,MEDIUM,ready,2026-03-11,useful for active establishment checks
DK,prices,StatBank agricultural output prices,Statistics Denmark,https://www.statbank.dk/LPRIS10,api,https://api.statbank.dk/v1/data,LPRIS10,monthly,country,track farm gate prices for primary production,HIGH,ready,2026-03-11,better farm output bridge than single grain proxy
DK,trade,StatBank imports and exports SITC,Statistics Denmark,https://www.statbank.dk/SITC2R4,api,https://api.statbank.dk/v1/data,SITC2R4,monthly,country partner,monitor food and agri trade exposure,HIGH,ready,2026-03-11,current monthly trade table by main SITC groups
DK,trade,StatBank organic external trade,Statistics Denmark,https://www.statbank.dk/OEKO66,api,https://api.statbank.dk/v1/data,OEKO66,monthly,country partner,track organic food trade flows,HIGH,ready,2026-03-11,imports and exports of organic products
DK,agriculture,StatBank farms and crop area,Statistics Denmark,https://www.statbank.dk/AFG207,api,https://api.statbank.dk/v1/data,AFG207,annual,region,regional crop mix and land use,HIGH,ready,2026-03-11,strong core table for crop area by region
DK,agriculture,Jordbrugsanalyser,Styrelsen for Grøn Arealomlægning og Vandmiljø,https://lbst.dk/bedrift/arealer-og-ejendomme/kortdata/jordbrugsanalyser,download,,,irregular,field block region,spatial crop analysis and production capacity,HIGH,ready,2026-03-11,official page lists Excel CSV Shape GeoJSON KML and WMS WFS
DK,agriculture,Central Husbandry Register,Styrelsen for Fødevarer Landbrug og Fiskeri,https://en.foedevarestyrelsen.dk/animals/animal-registration-and-traceability,portal,,,continuous,holding site,livestock density traceability and farm geocoding,HIGH,ready,2026-03-11,official info page for CHR and linked lookup services
DK,register,CVR GraphQL,Erhvervsstyrelsen,https://datafordeler.dk/dataoversigt/det-centrale-virksomhedsregister-cvr/cvr-graphql/,api,https://graphql.datafordeler.dk/CVR/v1,,continuous,enterprise legal unit production unit,address and unit resolution,HIGH,ready,2026-03-11,Datafordeler service with API key and OAuth setup
DK,geodata,DAR GraphQL,Klimadatastyrelsen,https://datafordeler.dk/dataoversigt/danmarks-adresseregister-dar/dar-graphql/,api,https://graphql.datafordeler.dk/DAR/v1,,continuous,address house number postcode,authoritative address joins and geocoding,HIGH,ready,2026-03-11,primary address register via Datafordeler
DK,geodata,DAGI WFS entiteter,Klimadatastyrelsen,https://datafordeler.dk/dataoversigt/danmarks-administrative-geografiske-inddeling-dagi/dagi-wfs-entiteter/,api,https://wfs.datafordeler.dk/DAGI/DAGI_WFS/1.0.0/WFS,,continuous,country region municipality parish postcode,boundary joins and regional rollups,HIGH,ready,2026-03-11,authoritative administrative boundaries
DK,geodata,DAWA,Dataforsyningen,https://dawadocs.dataforsyningen.dk/dok/api/generelt,api,https://api.dataforsyningen.dk,,continuous,address postcode municipality,open geocoding and quick extraction,MEDIUM,ready,2026-03-11,official docs say DAWA closes 2026-07-01 so use as transitional service
DK,food_control,Approved food establishments,Styrelsen for Fødevarer Landbrug og Fiskeri,https://en.foedevarestyrelsen.dk/food/inspection/approved-food-establishments,portal,,,periodic,establishment,trace approved plants and wholesale operators,MEDIUM,ready,2026-03-11,official lists for approved establishments and wholesale fruit vegetable operators
DK,competition,UTP enforcement annual report,Konkurrence og Forbrugerstyrelsen,https://kfst.dk/media/ms3opmow/aarlig-rapport-om-haandhaevelsesaktiviteter-i-henhold-til-utp-direktivet-2024.pdf,pdf,,,annual,country,track unfair trading practice enforcement,HIGH,ready,2026-03-11,food chain specific regulatory source
DK,waste,Affaldsdatasystemet ADS,Miljøstyrelsen,https://mst.dk/erhverv/groen-produktion-og-affald/affald-og-genanvendelse/affaldshaandtering/indsamleruddannelsen/affaldsdatasystemet-ads,portal,,,annual,country company,waste flow treatment source and import export analysis,HIGH,ready,2026-03-11,official page says ADS covers amounts types sources treatment and import export
DK,waste,Waste statistics and mapping,Miljøstyrelsen,https://mst.dk/erhverv/groen-produktion-og-affald/affald-og-genanvendelse/affaldshaandtering/affaldsdata-og-affaldsdatasystemet/find-affaldsstatistikker-og-kortlaegning,download,,,annual,country sector,waste and food waste circularity baselines,HIGH,ready,2026-03-11,portal links annual waste stats and food waste mappings by sector
SE,prices,SCB CPI by COICOP month,Statistics Sweden,https://api.scb.se/OV0104/v1/doris/en/ssd/PR/PR0101/PR0101A/KPI2020COICOPM,api,https://api.scb.se/OV0104/v1/doris/en/ssd/PR/PR0101/PR0101A/KPI2020COICOPM,KPI2020COICOPM,monthly,country,food CPI baseline,HIGH,ready,2026-03-11,COICOP food groups
SE,prices,SCB HICP month,Statistics Sweden,https://api.scb.se/OV0104/v1/doris/en/ssd/PR/PR0101/PR0101C/HIKP2025,api,https://api.scb.se/OV0104/v1/doris/en/ssd/PR/PR0101/PR0101C/HIKP2025,HIKP2025,monthly,country,HICP comparison,HIGH,ready,2026-03-11,SCB says v1 runs through turn of year 2026 2027
SE,prices,SCB PPI month,Statistics Sweden,https://api.scb.se/OV0104/v1/doris/en/ssd/PR/PR0301/PR0301G/PPI2020M,api,https://api.scb.se/OV0104/v1/doris/en/ssd/PR/PR0301/PR0301G/PPI2020M,PPI2020M,monthly,product market,upstream price pressure,HIGH,ready,2026-03-11,SPIN 2015 market and products
SE,retail,SCB food sales retail,Statistics Sweden,https://api.scb.se/OV0104/v1/doris/en/ssd/HA/HA0103/HA0103A/LivsNN,api,https://api.scb.se/OV0104/v1/doris/en/ssd/HA/HA0103/HA0103A/LivsNN,LivsNN,annual,country,retail food sales,HIGH,ready,2026-03-11,sales incl VAT by COICOP
SE,trade,SCB imports and exports CN monthly,Statistics Sweden,https://api.scb.se/OV0104/v1/doris/en/ssd/HA/HA0201/HA0201B/ImpExpKNTotMan,api,https://api.scb.se/OV0104/v1/doris/en/ssd/HA/HA0201/HA0201B/ImpExpKNTotMan,ImpExpKNTotMan,monthly,country partner commodity,goods trade structure,HIGH,ready,2026-03-11,CN 2 4 6 level
SE,agriculture,SCB crop yields and total production,Statistics Sweden,https://api.scb.se/OV0104/v1/doris/en/ssd/JO/JO0601/SkordarL2,api,https://api.scb.se/OV0104/v1/doris/en/ssd/JO/JO0601/SkordarL2,SkordarL2,annual,region country,crop production baseline,HIGH,ready,2026-03-11,regions and country
SE,register,SCB business database enterprises,Statistics Sweden,https://api.scb.se/OV0104/v1/doris/en/ssd/NV/NV0101/FDBR07N,api,https://api.scb.se/OV0104/v1/doris/en/ssd/NV/NV0101/FDBR07N,FDBR07N,annual,industry size,enterprise stock and size structure,MEDIUM,ready,2026-03-11,not store level
SE,waste,SCB generated waste,Statistics Sweden,https://api.scb.se/OV0104/v1/doris/en/ssd/MI/MI0305/MI0305T01C,api,https://api.scb.se/OV0104/v1/doris/en/ssd/MI/MI0305/MI0305T01C,MI0305T01C,every second year,industry,material flow and waste,HIGH,ready,2026-03-11,includes households and NACE
SE,geography,SCB retail trade areas,Statistics Sweden,https://api.scb.se/OV0104/v1/doris/en/ssd/MI/MI0815/MI0815C/MI0804T01N,api,https://api.scb.se/OV0104/v1/doris/en/ssd/MI/MI0815/MI0815C/MI0804T01N,MI0804T01N,every fifth year,region,retail area geography and access,MEDIUM,ready,2026-03-11,employees and workplaces in retail areas
SE,competition,Konkurrensverket food industry inquiry,Konkurrensverket,https://www.konkurrensverket.se/globalassets/dokument/informationsmaterial/rapporter-och-broschyrer/rapportserie/rapport_2024-5_summary.pdf,download,,,event based,country,competition and food chain barriers,HIGH,ready,2026-03-11,official summary PDF
FI,prices,StatFin HICP current base,Statistics Finland,https://pxdata.stat.fi/PxWeb/api/v1/en/StatFin/khi/statfin_khi_pxt_15b7.px,api,https://pxdata.stat.fi/PxWeb/api/v1/en/StatFin/khi/statfin_khi_pxt_15b7.px,statfin_khi_pxt_15b7.px,monthly,country,HICP comparison,HIGH,ready,2026-03-11,includes HICP and HICP CT
FI,prices,StatFin CPI food filterable,Statistics Finland,https://pxdata.stat.fi/PxWeb/api/v1/en/StatFin/khi/statfin_khi_pxt_15b5.px,api,https://pxdata.stat.fi/PxWeb/api/v1/en/StatFin/khi/statfin_khi_pxt_15b5.px,statfin_khi_pxt_15b5.px,monthly,country,consumer food inflation baseline,HIGH,ready,2026-03-11,filter to food and non alcoholic beverages commodity groups
FI,prices,StatFin CPI overall,Statistics Finland,https://pxdata.stat.fi/PxWeb/api/v1/en/StatFin/khi/statfin_khi_pxt_11xs.px,api,https://pxdata.stat.fi/PxWeb/api/v1/en/StatFin/khi/statfin_khi_pxt_11xs.px,statfin_khi_pxt_11xs.px,monthly,country,consumer price baseline,MEDIUM,ready,2026-03-11,overall CPI
FI,prices,StatFin producer price index,Statistics Finland,https://pxdata.stat.fi/PxWeb/api/v1/en/StatFin/thi/statfin_thi_pxt_118g.px,api,https://pxdata.stat.fi/PxWeb/api/v1/en/StatFin/thi/statfin_thi_pxt_118g.px,statfin_thi_pxt_118g.px,monthly,country,producer price trend,HIGH,ready,2026-03-11,2015 base monthly
FI,prices,Luke producer prices cereals and rape,Luke,https://statdb.luke.fi/PXWeb/api/v1/en/LUKE/maa/tuohin/kk/0400_tuohin.px,api,https://statdb.luke.fi/PXWeb/api/v1/en/LUKE/maa/tuohin/kk/0400_tuohin.px,0400_tuohin.px,monthly,country,farm gate crop prices,HIGH,ready,2026-03-11,monthly producer prices for cereals and rape
FI,trade,StatFin international trade goods and services,Statistics Finland,https://pxdata.stat.fi/PxWeb/api/v1/en/StatFin/tpulk/statfin_tpulk_pxt_12gq.px,api,https://pxdata.stat.fi/PxWeb/api/v1/en/StatFin/tpulk/statfin_tpulk_pxt_12gq.px,statfin_tpulk_pxt_12gq.px,quarterly,country,external trade baseline,HIGH,ready,2026-03-11,goods and services combined
FI,trade,Luke agri food foreign trade,Luke,https://statdb.luke.fi/PXWeb/api/v1/en/LUKE/maa/05%20Maataloustuotteiden%20ulkomaankauppa/Luke_maa_Ukaup_kk.px,api,https://statdb.luke.fi/PXWeb/api/v1/en/LUKE/maa/05%20Maataloustuotteiden%20ulkomaankauppa/Luke_maa_Ukaup_kk.px,Luke_maa_Ukaup_kk.px,monthly,product group partner country,agri food specific trade baseline,HIGH,ready,2026-03-11,complements Customs detail with agri food structure
FI,trade,Finnish Customs Uljas API,Finnish Customs,https://tilastot.tulli.fi/en/uljas-statistical-database/uljas-api,api,https://uljas.tulli.fi/graph/api.aspx,,continuous,commodity partner country,detailed customs trade queries,HIGH,ready,2026-03-11,requires ifile and query parameters
FI,trade,Finnish Customs bulkdownload,Finnish Customs,https://tilastot.tulli.fi/en/uljas-statistical-database/bulkdownload-rest-api,download,https://stttcglb01uljas001.blob.core.windows.net/uljas/,,twice monthly,commodity partner country,bulk trade ingestion,HIGH,ready,2026-03-11,bulk CSV files from 2022 onward
FI,agriculture,StatFin ag producer prices,Statistics Finland,https://pxdata.stat.fi/PxWeb/api/v1/en/StatFin/mthi/statfin_mthi_pxt_11fp.px,api,https://pxdata.stat.fi/PxWeb/api/v1/en/StatFin/mthi/statfin_mthi_pxt_11fp.px,statfin_mthi_pxt_11fp.px,monthly,country,agricultural price signal,HIGH,ready,2026-03-11,monthly producer prices
FI,agriculture,StatFin ag input purchase prices,Statistics Finland,https://pxdata.stat.fi/PxWeb/api/v1/en/StatFin/ttohi/statfin_ttohi_pxt_11gv.px,api,https://pxdata.stat.fi/PxWeb/api/v1/en/StatFin/ttohi/statfin_ttohi_pxt_11gv.px,statfin_ttohi_pxt_11gv.px,monthly,country,input cost pressure,HIGH,ready,2026-03-11,means of agricultural production
FI,agriculture,StatFin economic accounts for agriculture,Statistics Finland,https://pxdata.stat.fi/PxWeb/api/v1/en/StatFin/eaa/statfin_eaa_pxt_12d7.px,api,https://pxdata.stat.fi/PxWeb/api/v1/en/StatFin/eaa/statfin_eaa_pxt_12d7.px,statfin_eaa_pxt_12d7.px,annual,country,agricultural income and production,HIGH,ready,2026-03-11,EAA series
FI,agriculture,Luke food commodity balance,Luke,https://statdb.luke.fi/PXWeb/api/v1/en/LUKE/maa/02%20Ravintotase/02_Ravintotase.px,api,https://statdb.luke.fi/PXWeb/api/v1/en/LUKE/maa/02%20Ravintotase/02_Ravintotase.px,02_Ravintotase.px,annual,country,self sufficiency and domestic availability,HIGH,ready,2026-03-11,balance sheet for food commodities
FI,retail,StatFin turnover of trade,Statistics Finland,https://pxdata.stat.fi/PxWeb/api/v1/en/StatFin/klv/statfin_klv_pxt_14kr.px,api,https://pxdata.stat.fi/PxWeb/api/v1/en/StatFin/klv/statfin_klv_pxt_14kr.px,statfin_klv_pxt_14kr.px,monthly,industry,trade and retail activity,MEDIUM,ready,2026-03-11,2021 base
FI,waste,StatFin municipal waste treatment,Statistics Finland,https://pxdata.stat.fi/PxWeb/api/v1/en/StatFin/jate/statfin_jate_pxt_12cv.px,api,https://pxdata.stat.fi/PxWeb/api/v1/en/StatFin/jate/statfin_jate_pxt_12cv.px,statfin_jate_pxt_12cv.px,annual,country,municipal waste baseline,HIGH,ready,2026-03-11,2018 to 2024
FI,waste,StatFin waste generation by industry,Statistics Finland,https://pxdata.stat.fi/PxWeb/api/v1/en/StatFin/jate/statfin_jate_pxt_12qw.px,api,https://pxdata.stat.fi/PxWeb/api/v1/en/StatFin/jate/statfin_jate_pxt_12qw.px,statfin_jate_pxt_12qw.px,annual,industry,food industry waste and circularity,HIGH,ready,2026-03-11,NACE based waste generation
FI,food_control,Oiva and food control inspection results,Finnish Food Authority,https://oivahymy.ruokavirasto.fi/avoin-tieto,portal,https://tietolaari.ruokavirasto.fi/tietolaari/,,continuous,establishment municipality,food safety compliance and local enforcement,HIGH,ready,2026-03-11,official open data access point for Oiva and inspection results
FI,supports,EU support payments web service,Finnish Food Authority,https://www.ruokavirasto.fi/en/about-us/published-datasets/web-service-for-eu-support-payments-data/,portal,https://tietolaari.ruokavirasto.fi/tietolaari/sheets/17,,annual,beneficiary municipality,CAP support distribution and concentration,HIGH,ready,2026-03-11,official page links support payment web service
FI,food_authority,Ruokavirasto published datasets,Finnish Food Authority,https://www.ruokavirasto.fi/en/about-us/published-datasets,portal,,,continuous,multiple,food chain and inspection data,HIGH,ready,2026-03-11,dataset catalog
FI,register,PRH companies API,PRH,https://avoindata.prh.fi/en/ytj/swagger-ui,api,https://avoindata.prh.fi/opendata-ytj-api/v3/companies,/companies,daily,company,company search and business IDs,HIGH,ready,2026-03-11,verified live endpoint
FI,register,PRH financial statements API,PRH,https://avoindata.prh.fi/en/xbrl/swagger-ui,api,https://avoindata.prh.fi/opendata-xbrl-api/v3/financials,/financials,daily,company filing,financial statement retrieval,HIGH,ready,2026-03-11,verified live endpoint
FI,register,PRH registered notices API,PRH,https://avoindata.prh.fi/en/krek/swagger-ui,api,https://avoindata.prh.fi/opendata-registerednotices-api/v3/{businessId},/{businessId},daily,company registration,legal changes and notices,HIGH,ready,2026-03-11,path template requires businessId
FI,register,YTJ open data,Finnish Patent and Registration Office and Tax Administration,https://www.ytj.fi/en/index/opendata.html,portal,,,continuous,unit,company register and digital financial statements,HIGH,ready,2026-03-11,official business information system
FI,geodata,Ruokavirasto spatial datasets,Finnish Food Authority,https://www.ruokavirasto.fi/en/about-us/published-datasets/spatial-data-sets/,download,https://download.inspire.ruokavirasto-awsa.com/atom/inspire-gml.xml,,periodic,parcel agricultural parcel,parcel level land use overlays and LPIS,HIGH,ready,2026-03-11,official page lists WMS WFS Atom and GPKG
FI,geodata,NLS geocoding API,National Land Survey of Finland,https://avoin-paikkatieto.maanmittauslaitos.fi/geocoding/openapi.json,api,https://avoin-paikkatieto.maanmittauslaitos.fi/geocoding/,,continuous,address place coordinate,geocode firms farms depots and inspection sites,MEDIUM,ready,2026-03-11,API key required
FI,regulation,Finlex open data service,Finlex and Ministry of Justice,https://finlex.fi/en/api/quickstart/,api,https://opendata.finlex.fi/finlex/avoindata/v1/,,continuous,national legislation,regulatory tracking for food and waste law,HIGH,ready,2026-03-11,Akoma Ntoso XML service with document paths
FI,competition,KKV grocery dominance and food markets,FCCA,https://www.kkv.fi/en/facts-and-advice/competition-affairs/abuse-of-dominant-position/maaraava-markkina-asema-paivittaistavarakaupassa/,download,,,event based,country,market concentration and section 4a,HIGH,ready,2026-03-11,official grocery dominance guidance
IS,prices,Statistics Iceland CPI,Statistics Iceland,https://px.hagstofa.is/pxen/api/v1/en/Efnahagur/visitolur/1_vnv/1_vnv/VIS01000.px,api,https://px.hagstofa.is/pxen/api/v1/en/Efnahagur/visitolur/1_vnv/1_vnv/VIS01000.px,VIS01000.px,monthly,country,consumer price baseline,HIGH,ready,2026-03-11,CPI and changes
IS,prices,Statistics Iceland HICP by countries and months,Statistics Iceland,https://px.hagstofa.is/pxen/api/v1/en/Efnahagur/visitolur/2_samraemdvnv/samraemdvnv/VIS02502.px,api,https://px.hagstofa.is/pxen/api/v1/en/Efnahagur/visitolur/2_samraemdvnv/samraemdvnv/VIS02502.px,VIS02502.px,monthly,country,HICP comparison,HIGH,ready,2026-03-11,cross country HICP
IS,trade,Statistics Iceland exports and imports by countries,Statistics Iceland,https://px.hagstofa.is/pxen/api/v1/en/Efnahagur/utanrikisverslun/1_voruvidskipti/01_voruskipti/UTA06003.px,api,https://px.hagstofa.is/pxen/api/v1/en/Efnahagur/utanrikisverslun/1_voruvidskipti/01_voruskipti/UTA06003.px,UTA06003.px,monthly,country partner,goods trade by partner,HIGH,ready,2026-03-11,2015 to 2026
IS,trade,Statistics Iceland imports by SITC and countries,Statistics Iceland,https://px.hagstofa.is/pxen/api/v1/en/Efnahagur/utanrikisverslun/1_voruvidskipti/01_voruskipti/UTA06201.px,api,https://px.hagstofa.is/pxen/api/v1/en/Efnahagur/utanrikisverslun/1_voruvidskipti/01_voruskipti/UTA06201.px,UTA06201.px,monthly,country partner commodity,import dependence by SITC,HIGH,ready,2026-03-11,SITC Rev4
IS,agriculture,Statistics Iceland agricultural output,Statistics Iceland,https://px.hagstofa.is/pxen/api/v1/en/Atvinnuvegir/landbunadur/landbhagreikn/afkomalandbundadarins/LAN1101.px,api,https://px.hagstofa.is/pxen/api/v1/en/Atvinnuvegir/landbunadur/landbhagreikn/afkomalandbundadarins/LAN1101.px,LAN1101.px,annual,country,agricultural output baseline,HIGH,ready,2026-03-11,2007 to 2024
IS,agriculture,Statistics Iceland meat production,Statistics Iceland,https://px.hagstofa.is/pxen/api/v1/en/Atvinnuvegir/landbunadur/landframleidsla/LAN10201.px,api,https://px.hagstofa.is/pxen/api/v1/en/Atvinnuvegir/landbunadur/landframleidsla/LAN10201.px,LAN10201.px,annual,country,domestic protein production,HIGH,ready,2026-03-11,from 1983
IS,fisheries,Statistics Iceland aquaculture production,Statistics Iceland,https://px.hagstofa.is/pxen/api/v1/en/Atvinnuvegir/sjavarutvegur/fiskeldi/SJA07001.px,api,https://px.hagstofa.is/pxen/api/v1/en/Atvinnuvegir/sjavarutvegur/fiskeldi/SJA07001.px,SJA07001.px,annual,country,aquaculture production,HIGH,ready,2026-03-11,1984 to 2024
IS,register,Statistics Iceland registered enterprises,Statistics Iceland,https://px.hagstofa.is/pxen/api/v1/en/Atvinnuvegir/fyrirtaeki/skradfyrirtaeki/3_fyrirtaeki/FYR01001.px,api,https://px.hagstofa.is/pxen/api/v1/en/Atvinnuvegir/fyrirtaeki/skradfyrirtaeki/3_fyrirtaeki/FYR01001.px,FYR01001.px,annual,industry legal form,enterprise stock and legal structure,MEDIUM,ready,2026-03-11,registered enterprises and organisations
IS,retail,Statistics Iceland turnover by industry VAT,Statistics Iceland,https://px.hagstofa.is/pxen/api/v1/en/Atvinnuvegir/fyrirtaeki/veltutolur/velta/FYR04101.px,api,https://px.hagstofa.is/pxen/api/v1/en/Atvinnuvegir/fyrirtaeki/veltutolur/velta/FYR04101.px,FYR04101.px,monthly,industry,turnover proxy for retail activity,MEDIUM,ready,2026-03-11,VAT reports
IS,waste,Statistics Iceland waste collection and allocation,Statistics Iceland,https://px.hagstofa.is/pxen/api/v1/en/Umhverfi/3_efnisflaedi/2_urgangur/UMH04105.px,api,https://px.hagstofa.is/pxen/api/v1/en/Umhverfi/3_efnisflaedi/2_urgangur/UMH04105.px,UMH04105.px,annual,country,waste flow baseline,HIGH,ready,2026-03-11,2014 to 2022
IS,food_authority,MAST data and supervision,Matvælastofnun,https://www.mast.is/en,portal,,,continuous,multiple,food control and veterinary context,MEDIUM,ready,2026-03-11,official sector authority
IS,competition,Icelandic Competition Authority,Samkeppniseftirlitið,https://www.samkeppni.is/en/,portal,,,event based,country,competition and market concentration,HIGH,ready,2026-03-11,official authority site
IS,geodata,National Land Survey free data,National Land Survey of Iceland,https://www.lmi.is/is/moya/page/licence-for-national-land-survey-of-iceland-free-data,portal,,,periodic,multiple,spatial joins and mapping,MEDIUM,ready,2026-03-11,free geodata license page
