series_id,country,period,frequency,flow,group_code,group_label,source_name,dataset_or_table_id,unit,value,selected_food_basket_total,selected_food_basket_share_pct,selection_rule,coverage,comparability,notes
dk_cereals_imports,DK,2022,annual,imports,cereals,Cereals,StatBank imports and exports SITC,SITC2R4,"DKK 1,000",8108733.000,75221563.000,10.780,04,broad food group proxy,good for within-country trends; cross-country levels are limited by source units and classification differences,"StatBank SITC broad import group, rest of world."
dk_dairy_eggs_imports,DK,2022,annual,imports,dairy_eggs,Dairy and eggs,StatBank imports and exports SITC,SITC2R4,"DKK 1,000",8915811.000,75221563.000,11.853,02,broad food group proxy,good for within-country trends; cross-country levels are limited by source units and classification differences,"StatBank SITC broad import group, rest of world."
dk_fats_oils_imports,DK,2022,annual,imports,fats_oils,Fats and oils,StatBank imports and exports SITC,SITC2R4,"DKK 1,000",7777156.000,75221563.000,10.339,41+42+43,broad food group proxy,good for within-country trends; cross-country levels are limited by source units and classification differences,"StatBank SITC broad import group, rest of world."
dk_fish_seafood_imports,DK,2022,annual,imports,fish_seafood,Fish and seafood,StatBank imports and exports SITC,SITC2R4,"DKK 1,000",24117952.000,75221563.000,32.063,03,broad food group proxy,good for within-country trends; cross-country levels are limited by source units and classification differences,"StatBank SITC broad import group, rest of world."
dk_fruit_veg_imports,DK,2022,annual,imports,fruit_veg,Fruit and vegetables,StatBank imports and exports SITC,SITC2R4,"DKK 1,000",13854001.000,75221563.000,18.418,05,broad food group proxy,good for within-country trends; cross-country levels are limited by source units and classification differences,"StatBank SITC broad import group, rest of world."
dk_meat_imports,DK,2022,annual,imports,meat,Meat,StatBank imports and exports SITC,SITC2R4,"DKK 1,000",12447910.000,75221563.000,16.548,01,broad food group proxy,good for within-country trends; cross-country levels are limited by source units and classification differences,"StatBank SITC broad import group, rest of world."
dk_cereals_imports,DK,2023,annual,imports,cereals,Cereals,StatBank imports and exports SITC,SITC2R4,"DKK 1,000",8002826.000,74369579.000,10.761,04,broad food group proxy,good for within-country trends; cross-country levels are limited by source units and classification differences,"StatBank SITC broad import group, rest of world."
dk_dairy_eggs_imports,DK,2023,annual,imports,dairy_eggs,Dairy and eggs,StatBank imports and exports SITC,SITC2R4,"DKK 1,000",8303278.000,74369579.000,11.165,02,broad food group proxy,good for within-country trends; cross-country levels are limited by source units and classification differences,"StatBank SITC broad import group, rest of world."
dk_fats_oils_imports,DK,2023,annual,imports,fats_oils,Fats and oils,StatBank imports and exports SITC,SITC2R4,"DKK 1,000",7263718.000,74369579.000,9.767,41+42+43,broad food group proxy,good for within-country trends; cross-country levels are limited by source units and classification differences,"StatBank SITC broad import group, rest of world."
dk_fish_seafood_imports,DK,2023,annual,imports,fish_seafood,Fish and seafood,StatBank imports and exports SITC,SITC2R4,"DKK 1,000",23953063.000,74369579.000,32.208,03,broad food group proxy,good for within-country trends; cross-country levels are limited by source units and classification differences,"StatBank SITC broad import group, rest of world."
dk_fruit_veg_imports,DK,2023,annual,imports,fruit_veg,Fruit and vegetables,StatBank imports and exports SITC,SITC2R4,"DKK 1,000",14602104.000,74369579.000,19.635,05,broad food group proxy,good for within-country trends; cross-country levels are limited by source units and classification differences,"StatBank SITC broad import group, rest of world."
dk_meat_imports,DK,2023,annual,imports,meat,Meat,StatBank imports and exports SITC,SITC2R4,"DKK 1,000",12244590.000,74369579.000,16.465,01,broad food group proxy,good for within-country trends; cross-country levels are limited by source units and classification differences,"StatBank SITC broad import group, rest of world."
dk_cereals_imports,DK,2024,annual,imports,cereals,Cereals,StatBank imports and exports SITC,SITC2R4,"DKK 1,000",8876863.000,73986764.000,11.998,04,broad food group proxy,good for within-country trends; cross-country levels are limited by source units and classification differences,"StatBank SITC broad import group, rest of world."
dk_dairy_eggs_imports,DK,2024,annual,imports,dairy_eggs,Dairy and eggs,StatBank imports and exports SITC,SITC2R4,"DKK 1,000",8697415.000,73986764.000,11.755,02,broad food group proxy,good for within-country trends; cross-country levels are limited by source units and classification differences,"StatBank SITC broad import group, rest of world."
dk_fats_oils_imports,DK,2024,annual,imports,fats_oils,Fats and oils,StatBank imports and exports SITC,SITC2R4,"DKK 1,000",6570740.000,73986764.000,8.881,41+42+43,broad food group proxy,good for within-country trends; cross-country levels are limited by source units and classification differences,"StatBank SITC broad import group, rest of world."
dk_fish_seafood_imports,DK,2024,annual,imports,fish_seafood,Fish and seafood,StatBank imports and exports SITC,SITC2R4,"DKK 1,000",22710469.000,73986764.000,30.695,03,broad food group proxy,good for within-country trends; cross-country levels are limited by source units and classification differences,"StatBank SITC broad import group, rest of world."
dk_fruit_veg_imports,DK,2024,annual,imports,fruit_veg,Fruit and vegetables,StatBank imports and exports SITC,SITC2R4,"DKK 1,000",15382624.000,73986764.000,20.791,05,broad food group proxy,good for within-country trends; cross-country levels are limited by source units and classification differences,"StatBank SITC broad import group, rest of world."
dk_meat_imports,DK,2024,annual,imports,meat,Meat,StatBank imports and exports SITC,SITC2R4,"DKK 1,000",11748653.000,73986764.000,15.879,01,broad food group proxy,good for within-country trends; cross-country levels are limited by source units and classification differences,"StatBank SITC broad import group, rest of world."
dk_cereals_imports,DK,2025,annual,imports,cereals,Cereals,StatBank imports and exports SITC,SITC2R4,"DKK 1,000",8597787.000,74054774.000,11.610,04,broad food group proxy,good for within-country trends; cross-country levels are limited by source units and classification differences,"StatBank SITC broad import group, rest of world."
dk_dairy_eggs_imports,DK,2025,annual,imports,dairy_eggs,Dairy and eggs,StatBank imports and exports SITC,SITC2R4,"DKK 1,000",9105803.000,74054774.000,12.296,02,broad food group proxy,good for within-country trends; cross-country levels are limited by source units and classification differences,"StatBank SITC broad import group, rest of world."
dk_fats_oils_imports,DK,2025,annual,imports,fats_oils,Fats and oils,StatBank imports and exports SITC,SITC2R4,"DKK 1,000",6733213.000,74054774.000,9.092,41+42+43,broad food group proxy,good for within-country trends; cross-country levels are limited by source units and classification differences,"StatBank SITC broad import group, rest of world."
dk_fish_seafood_imports,DK,2025,annual,imports,fish_seafood,Fish and seafood,StatBank imports and exports SITC,SITC2R4,"DKK 1,000",20958133.000,74054774.000,28.301,03,broad food group proxy,good for within-country trends; cross-country levels are limited by source units and classification differences,"StatBank SITC broad import group, rest of world."
dk_fruit_veg_imports,DK,2025,annual,imports,fruit_veg,Fruit and vegetables,StatBank imports and exports SITC,SITC2R4,"DKK 1,000",16150737.000,74054774.000,21.809,05,broad food group proxy,good for within-country trends; cross-country levels are limited by source units and classification differences,"StatBank SITC broad import group, rest of world."
dk_meat_imports,DK,2025,annual,imports,meat,Meat,StatBank imports and exports SITC,SITC2R4,"DKK 1,000",12509101.000,74054774.000,16.892,01,broad food group proxy,good for within-country trends; cross-country levels are limited by source units and classification differences,"StatBank SITC broad import group, rest of world."
dk_cereals_imports,DK,2026,annual,imports,cereals,Cereals,StatBank imports and exports SITC,SITC2R4,"DKK 1,000",606137.000,5782793.000,10.482,04,broad food group proxy,good for within-country trends; cross-country levels are limited by source units and classification differences,"StatBank SITC broad import group, rest of world."
dk_dairy_eggs_imports,DK,2026,annual,imports,dairy_eggs,Dairy and eggs,StatBank imports and exports SITC,SITC2R4,"DKK 1,000",672542.000,5782793.000,11.630,02,broad food group proxy,good for within-country trends; cross-country levels are limited by source units and classification differences,"StatBank SITC broad import group, rest of world."
dk_fats_oils_imports,DK,2026,annual,imports,fats_oils,Fats and oils,StatBank imports and exports SITC,SITC2R4,"DKK 1,000",534648.000,5782793.000,9.245,41+42+43,broad food group proxy,good for within-country trends; cross-country levels are limited by source units and classification differences,"StatBank SITC broad import group, rest of world."
dk_fish_seafood_imports,DK,2026,annual,imports,fish_seafood,Fish and seafood,StatBank imports and exports SITC,SITC2R4,"DKK 1,000",1649644.000,5782793.000,28.527,03,broad food group proxy,good for within-country trends; cross-country levels are limited by source units and classification differences,"StatBank SITC broad import group, rest of world."
dk_fruit_veg_imports,DK,2026,annual,imports,fruit_veg,Fruit and vegetables,StatBank imports and exports SITC,SITC2R4,"DKK 1,000",1326057.000,5782793.000,22.931,05,broad food group proxy,good for within-country trends; cross-country levels are limited by source units and classification differences,"StatBank SITC broad import group, rest of world."
dk_meat_imports,DK,2026,annual,imports,meat,Meat,StatBank imports and exports SITC,SITC2R4,"DKK 1,000",993765.000,5782793.000,17.185,01,broad food group proxy,good for within-country trends; cross-country levels are limited by source units and classification differences,"StatBank SITC broad import group, rest of world."
fi_cereals_imports,FI,2015,annual,imports,cereals,Cereals,Luke agri-food foreign trade,Luke_maa_Ukaup_kk.px,1000 EUR,34728.000,1959384.000,1.772,10*,broad food group proxy,good for within-country trends; cross-country levels are limited by source units and classification differences,Luke product codes filtered by HS-like prefixes.
fi_dairy_eggs_imports,FI,2015,annual,imports,dairy_eggs,Dairy and eggs,Luke agri-food foreign trade,Luke_maa_Ukaup_kk.px,1000 EUR,375580.000,1959384.000,19.168,04*,broad food group proxy,good for within-country trends; cross-country levels are limited by source units and classification differences,Luke product codes filtered by HS-like prefixes.
fi_fats_oils_imports,FI,2015,annual,imports,fats_oils,Fats and oils,Luke agri-food foreign trade,Luke_maa_Ukaup_kk.px,1000 EUR,319280.000,1959384.000,16.295,15*,broad food group proxy,good for within-country trends; cross-country levels are limited by source units and classification differences,Luke product codes filtered by HS-like prefixes.
fi_fish_seafood_imports,FI,2015,annual,imports,fish_seafood,Fish and seafood,Luke agri-food foreign trade,Luke_maa_Ukaup_kk.px,1000 EUR,344657.000,1959384.000,17.590,03*,broad food group proxy,good for within-country trends; cross-country levels are limited by source units and classification differences,Luke product codes filtered by HS-like prefixes.
fi_fruit_veg_imports,FI,2015,annual,imports,fruit_veg,Fruit and vegetables,Luke agri-food foreign trade,Luke_maa_Ukaup_kk.px,1000 EUR,670932.000,1959384.000,34.242,07*+08*,broad food group proxy,good for within-country trends; cross-country levels are limited by source units and classification differences,Luke product codes filtered by HS-like prefixes.
fi_meat_imports,FI,2015,annual,imports,meat,Meat,Luke agri-food foreign trade,Luke_maa_Ukaup_kk.px,1000 EUR,214207.000,1959384.000,10.932,02*,broad food group proxy,good for within-country trends; cross-country levels are limited by source units and classification differences,Luke product codes filtered by HS-like prefixes.
fi_cereals_imports,FI,2016,annual,imports,cereals,Cereals,Luke agri-food foreign trade,Luke_maa_Ukaup_kk.px,1000 EUR,28225.000,2067458.000,1.365,10*,broad food group proxy,good for within-country trends; cross-country levels are limited by source units and classification differences,Luke product codes filtered by HS-like prefixes.
fi_dairy_eggs_imports,FI,2016,annual,imports,dairy_eggs,Dairy and eggs,Luke agri-food foreign trade,Luke_maa_Ukaup_kk.px,1000 EUR,348305.000,2067458.000,16.847,04*,broad food group proxy,good for within-country trends; cross-country levels are limited by source units and classification differences,Luke product codes filtered by HS-like prefixes.
fi_fats_oils_imports,FI,2016,annual,imports,fats_oils,Fats and oils,Luke agri-food foreign trade,Luke_maa_Ukaup_kk.px,1000 EUR,399745.000,2067458.000,19.335,15*,broad food group proxy,good for within-country trends; cross-country levels are limited by source units and classification differences,Luke product codes filtered by HS-like prefixes.
fi_fish_seafood_imports,FI,2016,annual,imports,fish_seafood,Fish and seafood,Luke agri-food foreign trade,Luke_maa_Ukaup_kk.px,1000 EUR,382614.000,2067458.000,18.506,03*,broad food group proxy,good for within-country trends; cross-country levels are limited by source units and classification differences,Luke product codes filtered by HS-like prefixes.
fi_fruit_veg_imports,FI,2016,annual,imports,fruit_veg,Fruit and vegetables,Luke agri-food foreign trade,Luke_maa_Ukaup_kk.px,1000 EUR,699595.000,2067458.000,33.838,07*+08*,broad food group proxy,good for within-country trends; cross-country levels are limited by source units and classification differences,Luke product codes filtered by HS-like prefixes.
fi_meat_imports,FI,2016,annual,imports,meat,Meat,Luke agri-food foreign trade,Luke_maa_Ukaup_kk.px,1000 EUR,208974.000,2067458.000,10.108,02*,broad food group proxy,good for within-country trends; cross-country levels are limited by source units and classification differences,Luke product codes filtered by HS-like prefixes.
fi_cereals_imports,FI,2017,annual,imports,cereals,Cereals,Luke agri-food foreign trade,Luke_maa_Ukaup_kk.px,1000 EUR,37166.000,2218564.000,1.675,10*,broad food group proxy,good for within-country trends; cross-country levels are limited by source units and classification differences,Luke product codes filtered by HS-like prefixes.
fi_dairy_eggs_imports,FI,2017,annual,imports,dairy_eggs,Dairy and eggs,Luke agri-food foreign trade,Luke_maa_Ukaup_kk.px,1000 EUR,360132.000,2218564.000,16.233,04*,broad food group proxy,good for within-country trends; cross-country levels are limited by source units and classification differences,Luke product codes filtered by HS-like prefixes.
fi_fats_oils_imports,FI,2017,annual,imports,fats_oils,Fats and oils,Luke agri-food foreign trade,Luke_maa_Ukaup_kk.px,1000 EUR,381437.000,2218564.000,17.193,15*,broad food group proxy,good for within-country trends; cross-country levels are limited by source units and classification differences,Luke product codes filtered by HS-like prefixes.
fi_fish_seafood_imports,FI,2017,annual,imports,fish_seafood,Fish and seafood,Luke agri-food foreign trade,Luke_maa_Ukaup_kk.px,1000 EUR,500783.000,2218564.000,22.572,03*,broad food group proxy,good for within-country trends; cross-country levels are limited by source units and classification differences,Luke product codes filtered by HS-like prefixes.
fi_fruit_veg_imports,FI,2017,annual,imports,fruit_veg,Fruit and vegetables,Luke agri-food foreign trade,Luke_maa_Ukaup_kk.px,1000 EUR,719176.000,2218564.000,32.416,07*+08*,broad food group proxy,good for within-country trends; cross-country levels are limited by source units and classification differences,Luke product codes filtered by HS-like prefixes.
fi_meat_imports,FI,2017,annual,imports,meat,Meat,Luke agri-food foreign trade,Luke_maa_Ukaup_kk.px,1000 EUR,219870.000,2218564.000,9.910,02*,broad food group proxy,good for within-country trends; cross-country levels are limited by source units and classification differences,Luke product codes filtered by HS-like prefixes.
fi_cereals_imports,FI,2018,annual,imports,cereals,Cereals,Luke agri-food foreign trade,Luke_maa_Ukaup_kk.px,1000 EUR,51918.000,2238901.000,2.319,10*,broad food group proxy,good for within-country trends; cross-country levels are limited by source units and classification differences,Luke product codes filtered by HS-like prefixes.
fi_dairy_eggs_imports,FI,2018,annual,imports,dairy_eggs,Dairy and eggs,Luke agri-food foreign trade,Luke_maa_Ukaup_kk.px,1000 EUR,364182.000,2238901.000,16.266,04*,broad food group proxy,good for within-country trends; cross-country levels are limited by source units and classification differences,Luke product codes filtered by HS-like prefixes.
fi_fats_oils_imports,FI,2018,annual,imports,fats_oils,Fats and oils,Luke agri-food foreign trade,Luke_maa_Ukaup_kk.px,1000 EUR,330732.000,2238901.000,14.772,15*,broad food group proxy,good for within-country trends; cross-country levels are limited by source units and classification differences,Luke product codes filtered by HS-like prefixes.
fi_fish_seafood_imports,FI,2018,annual,imports,fish_seafood,Fish and seafood,Luke agri-food foreign trade,Luke_maa_Ukaup_kk.px,1000 EUR,515350.000,2238901.000,23.018,03*,broad food group proxy,good for within-country trends; cross-country levels are limited by source units and classification differences,Luke product codes filtered by HS-like prefixes.
fi_fruit_veg_imports,FI,2018,annual,imports,fruit_veg,Fruit and vegetables,Luke agri-food foreign trade,Luke_maa_Ukaup_kk.px,1000 EUR,746674.000,2238901.000,33.350,07*+08*,broad food group proxy,good for within-country trends; cross-country levels are limited by source units and classification differences,Luke product codes filtered by HS-like prefixes.
fi_meat_imports,FI,2018,annual,imports,meat,Meat,Luke agri-food foreign trade,Luke_maa_Ukaup_kk.px,1000 EUR,230045.000,2238901.000,10.275,02*,broad food group proxy,good for within-country trends; cross-country levels are limited by source units and classification differences,Luke product codes filtered by HS-like prefixes.
fi_cereals_imports,FI,2019,annual,imports,cereals,Cereals,Luke agri-food foreign trade,Luke_maa_Ukaup_kk.px,1000 EUR,41349.000,2161051.000,1.913,10*,broad food group proxy,good for within-country trends; cross-country levels are limited by source units and classification differences,Luke product codes filtered by HS-like prefixes.
fi_dairy_eggs_imports,FI,2019,annual,imports,dairy_eggs,Dairy and eggs,Luke agri-food foreign trade,Luke_maa_Ukaup_kk.px,1000 EUR,370240.000,2161051.000,17.132,04*,broad food group proxy,good for within-country trends; cross-country levels are limited by source units and classification differences,Luke product codes filtered by HS-like prefixes.
fi_fats_oils_imports,FI,2019,annual,imports,fats_oils,Fats and oils,Luke agri-food foreign trade,Luke_maa_Ukaup_kk.px,1000 EUR,315688.000,2161051.000,14.608,15*,broad food group proxy,good for within-country trends; cross-country levels are limited by source units and classification differences,Luke product codes filtered by HS-like prefixes.
fi_fish_seafood_imports,FI,2019,annual,imports,fish_seafood,Fish and seafood,Luke agri-food foreign trade,Luke_maa_Ukaup_kk.px,1000 EUR,481729.000,2161051.000,22.291,03*,broad food group proxy,good for within-country trends; cross-country levels are limited by source units and classification differences,Luke product codes filtered by HS-like prefixes.
fi_fruit_veg_imports,FI,2019,annual,imports,fruit_veg,Fruit and vegetables,Luke agri-food foreign trade,Luke_maa_Ukaup_kk.px,1000 EUR,740138.000,2161051.000,34.249,07*+08*,broad food group proxy,good for within-country trends; cross-country levels are limited by source units and classification differences,Luke product codes filtered by HS-like prefixes.
fi_meat_imports,FI,2019,annual,imports,meat,Meat,Luke agri-food foreign trade,Luke_maa_Ukaup_kk.px,1000 EUR,211907.000,2161051.000,9.806,02*,broad food group proxy,good for within-country trends; cross-country levels are limited by source units and classification differences,Luke product codes filtered by HS-like prefixes.
fi_cereals_imports,FI,2020,annual,imports,cereals,Cereals,Luke agri-food foreign trade,Luke_maa_Ukaup_kk.px,1000 EUR,35293.000,2208406.000,1.598,10*,broad food group proxy,good for within-country trends; cross-country levels are limited by source units and classification differences,Luke product codes filtered by HS-like prefixes.
fi_dairy_eggs_imports,FI,2020,annual,imports,dairy_eggs,Dairy and eggs,Luke agri-food foreign trade,Luke_maa_Ukaup_kk.px,1000 EUR,357685.000,2208406.000,16.197,04*,broad food group proxy,good for within-country trends; cross-country levels are limited by source units and classification differences,Luke product codes filtered by HS-like prefixes.
fi_fats_oils_imports,FI,2020,annual,imports,fats_oils,Fats and oils,Luke agri-food foreign trade,Luke_maa_Ukaup_kk.px,1000 EUR,404198.000,2208406.000,18.303,15*,broad food group proxy,good for within-country trends; cross-country levels are limited by source units and classification differences,Luke product codes filtered by HS-like prefixes.
fi_fish_seafood_imports,FI,2020,annual,imports,fish_seafood,Fish and seafood,Luke agri-food foreign trade,Luke_maa_Ukaup_kk.px,1000 EUR,449623.000,2208406.000,20.360,03*,broad food group proxy,good for within-country trends; cross-country levels are limited by source units and classification differences,Luke product codes filtered by HS-like prefixes.
fi_fruit_veg_imports,FI,2020,annual,imports,fruit_veg,Fruit and vegetables,Luke agri-food foreign trade,Luke_maa_Ukaup_kk.px,1000 EUR,781501.000,2208406.000,35.388,07*+08*,broad food group proxy,good for within-country trends; cross-country levels are limited by source units and classification differences,Luke product codes filtered by HS-like prefixes.
fi_meat_imports,FI,2020,annual,imports,meat,Meat,Luke agri-food foreign trade,Luke_maa_Ukaup_kk.px,1000 EUR,180106.000,2208406.000,8.155,02*,broad food group proxy,good for within-country trends; cross-country levels are limited by source units and classification differences,Luke product codes filtered by HS-like prefixes.
fi_cereals_imports,FI,2021,annual,imports,cereals,Cereals,Luke agri-food foreign trade,Luke_maa_Ukaup_kk.px,1000 EUR,50014.000,2300687.000,2.174,10*,broad food group proxy,good for within-country trends; cross-country levels are limited by source units and classification differences,Luke product codes filtered by HS-like prefixes.
fi_dairy_eggs_imports,FI,2021,annual,imports,dairy_eggs,Dairy and eggs,Luke agri-food foreign trade,Luke_maa_Ukaup_kk.px,1000 EUR,355363.000,2300687.000,15.446,04*,broad food group proxy,good for within-country trends; cross-country levels are limited by source units and classification differences,Luke product codes filtered by HS-like prefixes.
fi_fats_oils_imports,FI,2021,annual,imports,fats_oils,Fats and oils,Luke agri-food foreign trade,Luke_maa_Ukaup_kk.px,1000 EUR,479118.000,2300687.000,20.825,15*,broad food group proxy,good for within-country trends; cross-country levels are limited by source units and classification differences,Luke product codes filtered by HS-like prefixes.
fi_fish_seafood_imports,FI,2021,annual,imports,fish_seafood,Fish and seafood,Luke agri-food foreign trade,Luke_maa_Ukaup_kk.px,1000 EUR,453645.000,2300687.000,19.718,03*,broad food group proxy,good for within-country trends; cross-country levels are limited by source units and classification differences,Luke product codes filtered by HS-like prefixes.
fi_fruit_veg_imports,FI,2021,annual,imports,fruit_veg,Fruit and vegetables,Luke agri-food foreign trade,Luke_maa_Ukaup_kk.px,1000 EUR,783777.000,2300687.000,34.067,07*+08*,broad food group proxy,good for within-country trends; cross-country levels are limited by source units and classification differences,Luke product codes filtered by HS-like prefixes.
fi_meat_imports,FI,2021,annual,imports,meat,Meat,Luke agri-food foreign trade,Luke_maa_Ukaup_kk.px,1000 EUR,178770.000,2300687.000,7.770,02*,broad food group proxy,good for within-country trends; cross-country levels are limited by source units and classification differences,Luke product codes filtered by HS-like prefixes.
fi_cereals_imports,FI,2022,annual,imports,cereals,Cereals,Luke agri-food foreign trade,Luke_maa_Ukaup_kk.px,1000 EUR,141278.000,3013868.000,4.688,10*,broad food group proxy,good for within-country trends; cross-country levels are limited by source units and classification differences,Luke product codes filtered by HS-like prefixes.
fi_dairy_eggs_imports,FI,2022,annual,imports,dairy_eggs,Dairy and eggs,Luke agri-food foreign trade,Luke_maa_Ukaup_kk.px,1000 EUR,445489.000,3013868.000,14.781,04*,broad food group proxy,good for within-country trends; cross-country levels are limited by source units and classification differences,Luke product codes filtered by HS-like prefixes.
fi_fats_oils_imports,FI,2022,annual,imports,fats_oils,Fats and oils,Luke agri-food foreign trade,Luke_maa_Ukaup_kk.px,1000 EUR,771179.000,3013868.000,25.588,15*,broad food group proxy,good for within-country trends; cross-country levels are limited by source units and classification differences,Luke product codes filtered by HS-like prefixes.
fi_fish_seafood_imports,FI,2022,annual,imports,fish_seafood,Fish and seafood,Luke agri-food foreign trade,Luke_maa_Ukaup_kk.px,1000 EUR,643702.000,3013868.000,21.358,03*,broad food group proxy,good for within-country trends; cross-country levels are limited by source units and classification differences,Luke product codes filtered by HS-like prefixes.
fi_fruit_veg_imports,FI,2022,annual,imports,fruit_veg,Fruit and vegetables,Luke agri-food foreign trade,Luke_maa_Ukaup_kk.px,1000 EUR,769492.000,3013868.000,25.532,07*+08*,broad food group proxy,good for within-country trends; cross-country levels are limited by source units and classification differences,Luke product codes filtered by HS-like prefixes.
fi_meat_imports,FI,2022,annual,imports,meat,Meat,Luke agri-food foreign trade,Luke_maa_Ukaup_kk.px,1000 EUR,242728.000,3013868.000,8.054,02*,broad food group proxy,good for within-country trends; cross-country levels are limited by source units and classification differences,Luke product codes filtered by HS-like prefixes.
fi_cereals_imports,FI,2023,annual,imports,cereals,Cereals,Luke agri-food foreign trade,Luke_maa_Ukaup_kk.px,1000 EUR,67385.000,2684784.000,2.510,10*,broad food group proxy,good for within-country trends; cross-country levels are limited by source units and classification differences,Luke product codes filtered by HS-like prefixes.
fi_dairy_eggs_imports,FI,2023,annual,imports,dairy_eggs,Dairy and eggs,Luke agri-food foreign trade,Luke_maa_Ukaup_kk.px,1000 EUR,463328.000,2684784.000,17.258,04*,broad food group proxy,good for within-country trends; cross-country levels are limited by source units and classification differences,Luke product codes filtered by HS-like prefixes.
fi_fats_oils_imports,FI,2023,annual,imports,fats_oils,Fats and oils,Luke agri-food foreign trade,Luke_maa_Ukaup_kk.px,1000 EUR,606459.000,2684784.000,22.589,15*,broad food group proxy,good for within-country trends; cross-country levels are limited by source units and classification differences,Luke product codes filtered by HS-like prefixes.
fi_fish_seafood_imports,FI,2023,annual,imports,fish_seafood,Fish and seafood,Luke agri-food foreign trade,Luke_maa_Ukaup_kk.px,1000 EUR,559044.000,2684784.000,20.823,03*,broad food group proxy,good for within-country trends; cross-country levels are limited by source units and classification differences,Luke product codes filtered by HS-like prefixes.
fi_fruit_veg_imports,FI,2023,annual,imports,fruit_veg,Fruit and vegetables,Luke agri-food foreign trade,Luke_maa_Ukaup_kk.px,1000 EUR,757717.000,2684784.000,28.223,07*+08*,broad food group proxy,good for within-country trends; cross-country levels are limited by source units and classification differences,Luke product codes filtered by HS-like prefixes.
fi_meat_imports,FI,2023,annual,imports,meat,Meat,Luke agri-food foreign trade,Luke_maa_Ukaup_kk.px,1000 EUR,230851.000,2684784.000,8.598,02*,broad food group proxy,good for within-country trends; cross-country levels are limited by source units and classification differences,Luke product codes filtered by HS-like prefixes.
fi_cereals_imports,FI,2024,annual,imports,cereals,Cereals,Luke agri-food foreign trade,Luke_maa_Ukaup_kk.px,1000 EUR,64474.000,2527715.000,2.551,10*,broad food group proxy,good for within-country trends; cross-country levels are limited by source units and classification differences,Luke product codes filtered by HS-like prefixes.
fi_dairy_eggs_imports,FI,2024,annual,imports,dairy_eggs,Dairy and eggs,Luke agri-food foreign trade,Luke_maa_Ukaup_kk.px,1000 EUR,460772.000,2527715.000,18.229,04*,broad food group proxy,good for within-country trends; cross-country levels are limited by source units and classification differences,Luke product codes filtered by HS-like prefixes.
fi_fats_oils_imports,FI,2024,annual,imports,fats_oils,Fats and oils,Luke agri-food foreign trade,Luke_maa_Ukaup_kk.px,1000 EUR,429844.000,2527715.000,17.005,15*,broad food group proxy,good for within-country trends; cross-country levels are limited by source units and classification differences,Luke product codes filtered by HS-like prefixes.
fi_fish_seafood_imports,FI,2024,annual,imports,fish_seafood,Fish and seafood,Luke agri-food foreign trade,Luke_maa_Ukaup_kk.px,1000 EUR,559918.000,2527715.000,22.151,03*,broad food group proxy,good for within-country trends; cross-country levels are limited by source units and classification differences,Luke product codes filtered by HS-like prefixes.
fi_fruit_veg_imports,FI,2024,annual,imports,fruit_veg,Fruit and vegetables,Luke agri-food foreign trade,Luke_maa_Ukaup_kk.px,1000 EUR,783914.000,2527715.000,31.013,07*+08*,broad food group proxy,good for within-country trends; cross-country levels are limited by source units and classification differences,Luke product codes filtered by HS-like prefixes.
fi_meat_imports,FI,2024,annual,imports,meat,Meat,Luke agri-food foreign trade,Luke_maa_Ukaup_kk.px,1000 EUR,228793.000,2527715.000,9.051,02*,broad food group proxy,good for within-country trends; cross-country levels are limited by source units and classification differences,Luke product codes filtered by HS-like prefixes.
is_cereals_imports,IS,2015,annual,imports,cereals,Cereals,Statistics Iceland imports by SITC and countries,UTA06201.px,ISK thousand,10011.100,45192.700,22.152,04,broad food group proxy,good for within-country trends; cross-country levels are limited by source units and classification differences,Summed across all partner countries because the ready table does not expose a single total-country code.
is_dairy_eggs_imports,IS,2015,annual,imports,dairy_eggs,Dairy and eggs,Statistics Iceland imports by SITC and countries,UTA06201.px,ISK thousand,669.400,45192.700,1.481,02,broad food group proxy,good for within-country trends; cross-country levels are limited by source units and classification differences,Summed across all partner countries because the ready table does not expose a single total-country code.
is_fish_seafood_imports,IS,2015,annual,imports,fish_seafood,Fish and seafood,Statistics Iceland imports by SITC and countries,UTA06201.px,ISK thousand,18405.600,45192.700,40.727,03,broad food group proxy,good for within-country trends; cross-country levels are limited by source units and classification differences,Summed across all partner countries because the ready table does not expose a single total-country code.
is_fruit_veg_imports,IS,2015,annual,imports,fruit_veg,Fruit and vegetables,Statistics Iceland imports by SITC and countries,UTA06201.px,ISK thousand,13815.200,45192.700,30.570,05,broad food group proxy,good for within-country trends; cross-country levels are limited by source units and classification differences,Summed across all partner countries because the ready table does not expose a single total-country code.
is_meat_imports,IS,2015,annual,imports,meat,Meat,Statistics Iceland imports by SITC and countries,UTA06201.px,ISK thousand,2291.400,45192.700,5.070,01,broad food group proxy,good for within-country trends; cross-country levels are limited by source units and classification differences,Summed across all partner countries because the ready table does not expose a single total-country code.
is_cereals_imports,IS,2016,annual,imports,cereals,Cereals,Statistics Iceland imports by SITC and countries,UTA06201.px,ISK thousand,9354.800,37473.400,24.964,04,broad food group proxy,good for within-country trends; cross-country levels are limited by source units and classification differences,Summed across all partner countries because the ready table does not expose a single total-country code.
is_dairy_eggs_imports,IS,2016,annual,imports,dairy_eggs,Dairy and eggs,Statistics Iceland imports by SITC and countries,UTA06201.px,ISK thousand,750.200,37473.400,2.002,02,broad food group proxy,good for within-country trends; cross-country levels are limited by source units and classification differences,Summed across all partner countries because the ready table does not expose a single total-country code.
is_fish_seafood_imports,IS,2016,annual,imports,fish_seafood,Fish and seafood,Statistics Iceland imports by SITC and countries,UTA06201.px,ISK thousand,11001.600,37473.400,29.358,03,broad food group proxy,good for within-country trends; cross-country levels are limited by source units and classification differences,Summed across all partner countries because the ready table does not expose a single total-country code.
is_fruit_veg_imports,IS,2016,annual,imports,fruit_veg,Fruit and vegetables,Statistics Iceland imports by SITC and countries,UTA06201.px,ISK thousand,13942.100,37473.400,37.205,05,broad food group proxy,good for within-country trends; cross-country levels are limited by source units and classification differences,Summed across all partner countries because the ready table does not expose a single total-country code.
is_meat_imports,IS,2016,annual,imports,meat,Meat,Statistics Iceland imports by SITC and countries,UTA06201.px,ISK thousand,2424.700,37473.400,6.470,01,broad food group proxy,good for within-country trends; cross-country levels are limited by source units and classification differences,Summed across all partner countries because the ready table does not expose a single total-country code.
is_cereals_imports,IS,2017,annual,imports,cereals,Cereals,Statistics Iceland imports by SITC and countries,UTA06201.px,ISK thousand,9214.600,37271.700,24.723,04,broad food group proxy,good for within-country trends; cross-country levels are limited by source units and classification differences,Summed across all partner countries because the ready table does not expose a single total-country code.
is_dairy_eggs_imports,IS,2017,annual,imports,dairy_eggs,Dairy and eggs,Statistics Iceland imports by SITC and countries,UTA06201.px,ISK thousand,973.300,37271.700,2.611,02,broad food group proxy,good for within-country trends; cross-country levels are limited by source units and classification differences,Summed across all partner countries because the ready table does not expose a single total-country code.
is_fish_seafood_imports,IS,2017,annual,imports,fish_seafood,Fish and seafood,Statistics Iceland imports by SITC and countries,UTA06201.px,ISK thousand,8887.800,37271.700,23.846,03,broad food group proxy,good for within-country trends; cross-country levels are limited by source units and classification differences,Summed across all partner countries because the ready table does not expose a single total-country code.
is_fruit_veg_imports,IS,2017,annual,imports,fruit_veg,Fruit and vegetables,Statistics Iceland imports by SITC and countries,UTA06201.px,ISK thousand,15299.700,37271.700,41.049,05,broad food group proxy,good for within-country trends; cross-country levels are limited by source units and classification differences,Summed across all partner countries because the ready table does not expose a single total-country code.
is_meat_imports,IS,2017,annual,imports,meat,Meat,Statistics Iceland imports by SITC and countries,UTA06201.px,ISK thousand,2896.300,37271.700,7.771,01,broad food group proxy,good for within-country trends; cross-country levels are limited by source units and classification differences,Summed across all partner countries because the ready table does not expose a single total-country code.
is_cereals_imports,IS,2018,annual,imports,cereals,Cereals,Statistics Iceland imports by SITC and countries,UTA06201.px,ISK thousand,10160.300,41405.600,24.538,04,broad food group proxy,good for within-country trends; cross-country levels are limited by source units and classification differences,Summed across all partner countries because the ready table does not expose a single total-country code.
is_dairy_eggs_imports,IS,2018,annual,imports,dairy_eggs,Dairy and eggs,Statistics Iceland imports by SITC and countries,UTA06201.px,ISK thousand,1158.400,41405.600,2.798,02,broad food group proxy,good for within-country trends; cross-country levels are limited by source units and classification differences,Summed across all partner countries because the ready table does not expose a single total-country code.
is_fish_seafood_imports,IS,2018,annual,imports,fish_seafood,Fish and seafood,Statistics Iceland imports by SITC and countries,UTA06201.px,ISK thousand,11327.900,41405.600,27.358,03,broad food group proxy,good for within-country trends; cross-country levels are limited by source units and classification differences,Summed across all partner countries because the ready table does not expose a single total-country code.
is_fruit_veg_imports,IS,2018,annual,imports,fruit_veg,Fruit and vegetables,Statistics Iceland imports by SITC and countries,UTA06201.px,ISK thousand,15734.700,41405.600,38.001,05,broad food group proxy,good for within-country trends; cross-country levels are limited by source units and classification differences,Summed across all partner countries because the ready table does not expose a single total-country code.
is_meat_imports,IS,2018,annual,imports,meat,Meat,Statistics Iceland imports by SITC and countries,UTA06201.px,ISK thousand,3024.300,41405.600,7.304,01,broad food group proxy,good for within-country trends; cross-country levels are limited by source units and classification differences,Summed across all partner countries because the ready table does not expose a single total-country code.
is_cereals_imports,IS,2019,annual,imports,cereals,Cereals,Statistics Iceland imports by SITC and countries,UTA06201.px,ISK thousand,11296.000,46762.600,24.156,04,broad food group proxy,good for within-country trends; cross-country levels are limited by source units and classification differences,Summed across all partner countries because the ready table does not expose a single total-country code.
is_dairy_eggs_imports,IS,2019,annual,imports,dairy_eggs,Dairy and eggs,Statistics Iceland imports by SITC and countries,UTA06201.px,ISK thousand,1358.000,46762.600,2.904,02,broad food group proxy,good for within-country trends; cross-country levels are limited by source units and classification differences,Summed across all partner countries because the ready table does not expose a single total-country code.
is_fish_seafood_imports,IS,2019,annual,imports,fish_seafood,Fish and seafood,Statistics Iceland imports by SITC and countries,UTA06201.px,ISK thousand,13016.500,46762.600,27.835,03,broad food group proxy,good for within-country trends; cross-country levels are limited by source units and classification differences,Summed across all partner countries because the ready table does not expose a single total-country code.
is_fruit_veg_imports,IS,2019,annual,imports,fruit_veg,Fruit and vegetables,Statistics Iceland imports by SITC and countries,UTA06201.px,ISK thousand,17313.300,46762.600,37.024,05,broad food group proxy,good for within-country trends; cross-country levels are limited by source units and classification differences,Summed across all partner countries because the ready table does not expose a single total-country code.
is_meat_imports,IS,2019,annual,imports,meat,Meat,Statistics Iceland imports by SITC and countries,UTA06201.px,ISK thousand,3778.800,46762.600,8.081,01,broad food group proxy,good for within-country trends; cross-country levels are limited by source units and classification differences,Summed across all partner countries because the ready table does not expose a single total-country code.
is_cereals_imports,IS,2020,annual,imports,cereals,Cereals,Statistics Iceland imports by SITC and countries,UTA06201.px,ISK thousand,12309.100,45222.300,27.219,04,broad food group proxy,good for within-country trends; cross-country levels are limited by source units and classification differences,Summed across all partner countries because the ready table does not expose a single total-country code.
is_dairy_eggs_imports,IS,2020,annual,imports,dairy_eggs,Dairy and eggs,Statistics Iceland imports by SITC and countries,UTA06201.px,ISK thousand,1568.300,45222.300,3.468,02,broad food group proxy,good for within-country trends; cross-country levels are limited by source units and classification differences,Summed across all partner countries because the ready table does not expose a single total-country code.
is_fish_seafood_imports,IS,2020,annual,imports,fish_seafood,Fish and seafood,Statistics Iceland imports by SITC and countries,UTA06201.px,ISK thousand,9404.500,45222.300,20.796,03,broad food group proxy,good for within-country trends; cross-country levels are limited by source units and classification differences,Summed across all partner countries because the ready table does not expose a single total-country code.
is_fruit_veg_imports,IS,2020,annual,imports,fruit_veg,Fruit and vegetables,Statistics Iceland imports by SITC and countries,UTA06201.px,ISK thousand,18319.800,45222.300,40.511,05,broad food group proxy,good for within-country trends; cross-country levels are limited by source units and classification differences,Summed across all partner countries because the ready table does not expose a single total-country code.
is_meat_imports,IS,2020,annual,imports,meat,Meat,Statistics Iceland imports by SITC and countries,UTA06201.px,ISK thousand,3620.600,45222.300,8.006,01,broad food group proxy,good for within-country trends; cross-country levels are limited by source units and classification differences,Summed across all partner countries because the ready table does not expose a single total-country code.
is_cereals_imports,IS,2021,annual,imports,cereals,Cereals,Statistics Iceland imports by SITC and countries,UTA06201.px,ISK thousand,13455.200,49887.700,26.971,04,broad food group proxy,good for within-country trends; cross-country levels are limited by source units and classification differences,Summed across all partner countries because the ready table does not expose a single total-country code.
is_dairy_eggs_imports,IS,2021,annual,imports,dairy_eggs,Dairy and eggs,Statistics Iceland imports by SITC and countries,UTA06201.px,ISK thousand,1834.100,49887.700,3.676,02,broad food group proxy,good for within-country trends; cross-country levels are limited by source units and classification differences,Summed across all partner countries because the ready table does not expose a single total-country code.
is_fish_seafood_imports,IS,2021,annual,imports,fish_seafood,Fish and seafood,Statistics Iceland imports by SITC and countries,UTA06201.px,ISK thousand,11741.800,49887.700,23.536,03,broad food group proxy,good for within-country trends; cross-country levels are limited by source units and classification differences,Summed across all partner countries because the ready table does not expose a single total-country code.
is_fruit_veg_imports,IS,2021,annual,imports,fruit_veg,Fruit and vegetables,Statistics Iceland imports by SITC and countries,UTA06201.px,ISK thousand,18720.000,49887.700,37.524,05,broad food group proxy,good for within-country trends; cross-country levels are limited by source units and classification differences,Summed across all partner countries because the ready table does not expose a single total-country code.
is_meat_imports,IS,2021,annual,imports,meat,Meat,Statistics Iceland imports by SITC and countries,UTA06201.px,ISK thousand,4136.600,49887.700,8.292,01,broad food group proxy,good for within-country trends; cross-country levels are limited by source units and classification differences,Summed across all partner countries because the ready table does not expose a single total-country code.
is_cereals_imports,IS,2022,annual,imports,cereals,Cereals,Statistics Iceland imports by SITC and countries,UTA06201.px,ISK thousand,16405.300,60537.500,27.099,04,broad food group proxy,good for within-country trends; cross-country levels are limited by source units and classification differences,Summed across all partner countries because the ready table does not expose a single total-country code.
is_dairy_eggs_imports,IS,2022,annual,imports,dairy_eggs,Dairy and eggs,Statistics Iceland imports by SITC and countries,UTA06201.px,ISK thousand,1969.900,60537.500,3.254,02,broad food group proxy,good for within-country trends; cross-country levels are limited by source units and classification differences,Summed across all partner countries because the ready table does not expose a single total-country code.
is_fish_seafood_imports,IS,2022,annual,imports,fish_seafood,Fish and seafood,Statistics Iceland imports by SITC and countries,UTA06201.px,ISK thousand,15611.600,60537.500,25.788,03,broad food group proxy,good for within-country trends; cross-country levels are limited by source units and classification differences,Summed across all partner countries because the ready table does not expose a single total-country code.
is_fruit_veg_imports,IS,2022,annual,imports,fruit_veg,Fruit and vegetables,Statistics Iceland imports by SITC and countries,UTA06201.px,ISK thousand,20839.600,60537.500,34.424,05,broad food group proxy,good for within-country trends; cross-country levels are limited by source units and classification differences,Summed across all partner countries because the ready table does not expose a single total-country code.
is_meat_imports,IS,2022,annual,imports,meat,Meat,Statistics Iceland imports by SITC and countries,UTA06201.px,ISK thousand,5711.100,60537.500,9.434,01,broad food group proxy,good for within-country trends; cross-country levels are limited by source units and classification differences,Summed across all partner countries because the ready table does not expose a single total-country code.
is_cereals_imports,IS,2023,annual,imports,cereals,Cereals,Statistics Iceland imports by SITC and countries,UTA06201.px,ISK thousand,18192.900,65409.600,27.814,04,broad food group proxy,good for within-country trends; cross-country levels are limited by source units and classification differences,Summed across all partner countries because the ready table does not expose a single total-country code.
is_dairy_eggs_imports,IS,2023,annual,imports,dairy_eggs,Dairy and eggs,Statistics Iceland imports by SITC and countries,UTA06201.px,ISK thousand,2374.400,65409.600,3.630,02,broad food group proxy,good for within-country trends; cross-country levels are limited by source units and classification differences,Summed across all partner countries because the ready table does not expose a single total-country code.
is_fish_seafood_imports,IS,2023,annual,imports,fish_seafood,Fish and seafood,Statistics Iceland imports by SITC and countries,UTA06201.px,ISK thousand,14073.900,65409.600,21.517,03,broad food group proxy,good for within-country trends; cross-country levels are limited by source units and classification differences,Summed across all partner countries because the ready table does not expose a single total-country code.
is_fruit_veg_imports,IS,2023,annual,imports,fruit_veg,Fruit and vegetables,Statistics Iceland imports by SITC and countries,UTA06201.px,ISK thousand,23965.200,65409.600,36.639,05,broad food group proxy,good for within-country trends; cross-country levels are limited by source units and classification differences,Summed across all partner countries because the ready table does not expose a single total-country code.
is_meat_imports,IS,2023,annual,imports,meat,Meat,Statistics Iceland imports by SITC and countries,UTA06201.px,ISK thousand,6803.200,65409.600,10.401,01,broad food group proxy,good for within-country trends; cross-country levels are limited by source units and classification differences,Summed across all partner countries because the ready table does not expose a single total-country code.
is_cereals_imports,IS,2024,annual,imports,cereals,Cereals,Statistics Iceland imports by SITC and countries,UTA06201.px,ISK thousand,18950.400,64937.500,29.183,04,broad food group proxy,good for within-country trends; cross-country levels are limited by source units and classification differences,Summed across all partner countries because the ready table does not expose a single total-country code.
is_dairy_eggs_imports,IS,2024,annual,imports,dairy_eggs,Dairy and eggs,Statistics Iceland imports by SITC and countries,UTA06201.px,ISK thousand,2863.400,64937.500,4.409,02,broad food group proxy,good for within-country trends; cross-country levels are limited by source units and classification differences,Summed across all partner countries because the ready table does not expose a single total-country code.
is_fish_seafood_imports,IS,2024,annual,imports,fish_seafood,Fish and seafood,Statistics Iceland imports by SITC and countries,UTA06201.px,ISK thousand,11088.800,64937.500,17.076,03,broad food group proxy,good for within-country trends; cross-country levels are limited by source units and classification differences,Summed across all partner countries because the ready table does not expose a single total-country code.
is_fruit_veg_imports,IS,2024,annual,imports,fruit_veg,Fruit and vegetables,Statistics Iceland imports by SITC and countries,UTA06201.px,ISK thousand,25397.600,64937.500,39.111,05,broad food group proxy,good for within-country trends; cross-country levels are limited by source units and classification differences,Summed across all partner countries because the ready table does not expose a single total-country code.
is_meat_imports,IS,2024,annual,imports,meat,Meat,Statistics Iceland imports by SITC and countries,UTA06201.px,ISK thousand,6637.300,64937.500,10.221,01,broad food group proxy,good for within-country trends; cross-country levels are limited by source units and classification differences,Summed across all partner countries because the ready table does not expose a single total-country code.
is_cereals_imports,IS,2025,annual,imports,cereals,Cereals,Statistics Iceland imports by SITC and countries,UTA06201.px,ISK thousand,19087.600,67158.900,28.422,04,broad food group proxy,good for within-country trends; cross-country levels are limited by source units and classification differences,Summed across all partner countries because the ready table does not expose a single total-country code.
is_dairy_eggs_imports,IS,2025,annual,imports,dairy_eggs,Dairy and eggs,Statistics Iceland imports by SITC and countries,UTA06201.px,ISK thousand,3081.600,67158.900,4.589,02,broad food group proxy,good for within-country trends; cross-country levels are limited by source units and classification differences,Summed across all partner countries because the ready table does not expose a single total-country code.
is_fish_seafood_imports,IS,2025,annual,imports,fish_seafood,Fish and seafood,Statistics Iceland imports by SITC and countries,UTA06201.px,ISK thousand,10962.300,67158.900,16.323,03,broad food group proxy,good for within-country trends; cross-country levels are limited by source units and classification differences,Summed across all partner countries because the ready table does not expose a single total-country code.
is_fruit_veg_imports,IS,2025,annual,imports,fruit_veg,Fruit and vegetables,Statistics Iceland imports by SITC and countries,UTA06201.px,ISK thousand,25313.600,67158.900,37.692,05,broad food group proxy,good for within-country trends; cross-country levels are limited by source units and classification differences,Summed across all partner countries because the ready table does not expose a single total-country code.
is_meat_imports,IS,2025,annual,imports,meat,Meat,Statistics Iceland imports by SITC and countries,UTA06201.px,ISK thousand,8713.800,67158.900,12.975,01,broad food group proxy,good for within-country trends; cross-country levels are limited by source units and classification differences,Summed across all partner countries because the ready table does not expose a single total-country code.
is_cereals_imports,IS,2026,annual,imports,cereals,Cereals,Statistics Iceland imports by SITC and countries,UTA06201.px,ISK thousand,1411.600,5124.100,27.548,04,broad food group proxy,good for within-country trends; cross-country levels are limited by source units and classification differences,Summed across all partner countries because the ready table does not expose a single total-country code.
is_dairy_eggs_imports,IS,2026,annual,imports,dairy_eggs,Dairy and eggs,Statistics Iceland imports by SITC and countries,UTA06201.px,ISK thousand,174.800,5124.100,3.411,02,broad food group proxy,good for within-country trends; cross-country levels are limited by source units and classification differences,Summed across all partner countries because the ready table does not expose a single total-country code.
is_fish_seafood_imports,IS,2026,annual,imports,fish_seafood,Fish and seafood,Statistics Iceland imports by SITC and countries,UTA06201.px,ISK thousand,1318.100,5124.100,25.724,03,broad food group proxy,good for within-country trends; cross-country levels are limited by source units and classification differences,Summed across all partner countries because the ready table does not expose a single total-country code.
is_fruit_veg_imports,IS,2026,annual,imports,fruit_veg,Fruit and vegetables,Statistics Iceland imports by SITC and countries,UTA06201.px,ISK thousand,1737.500,5124.100,33.908,05,broad food group proxy,good for within-country trends; cross-country levels are limited by source units and classification differences,Summed across all partner countries because the ready table does not expose a single total-country code.
is_meat_imports,IS,2026,annual,imports,meat,Meat,Statistics Iceland imports by SITC and countries,UTA06201.px,ISK thousand,482.100,5124.100,9.408,01,broad food group proxy,good for within-country trends; cross-country levels are limited by source units and classification differences,Summed across all partner countries because the ready table does not expose a single total-country code.
se_cereals_imports,SE,2015,annual,imports,cereals,Cereals,SCB imports and exports CN monthly,ImpExpKNTotMan,SEK thousand,1316701.000,75976354.000,1.733,10,broad food group proxy,good for within-country trends; cross-country levels are limited by source units and classification differences,SCB CN 2-digit import value proxy.
se_dairy_eggs_imports,SE,2015,annual,imports,dairy_eggs,Dairy and eggs,SCB imports and exports CN monthly,ImpExpKNTotMan,SEK thousand,8458721.000,75976354.000,11.133,04,broad food group proxy,good for within-country trends; cross-country levels are limited by source units and classification differences,SCB CN 2-digit import value proxy.
se_fats_oils_imports,SE,2015,annual,imports,fats_oils,Fats and oils,SCB imports and exports CN monthly,ImpExpKNTotMan,SEK thousand,5638559.000,75976354.000,7.421,15,broad food group proxy,good for within-country trends; cross-country levels are limited by source units and classification differences,SCB CN 2-digit import value proxy.
se_fish_seafood_imports,SE,2015,annual,imports,fish_seafood,Fish and seafood,SCB imports and exports CN monthly,ImpExpKNTotMan,SEK thousand,34713662.000,75976354.000,45.690,03,broad food group proxy,good for within-country trends; cross-country levels are limited by source units and classification differences,SCB CN 2-digit import value proxy.
se_fruit_veg_imports,SE,2015,annual,imports,fruit_veg,Fruit and vegetables,SCB imports and exports CN monthly,ImpExpKNTotMan,SEK thousand,16091371.000,75976354.000,21.179,07+08,broad food group proxy,good for within-country trends; cross-country levels are limited by source units and classification differences,SCB CN 2-digit import value proxy.
se_meat_imports,SE,2015,annual,imports,meat,Meat,SCB imports and exports CN monthly,ImpExpKNTotMan,SEK thousand,9757340.000,75976354.000,12.843,02,broad food group proxy,good for within-country trends; cross-country levels are limited by source units and classification differences,SCB CN 2-digit import value proxy.
se_cereals_imports,SE,2016,annual,imports,cereals,Cereals,SCB imports and exports CN monthly,ImpExpKNTotMan,SEK thousand,1224784.000,84266752.000,1.453,10,broad food group proxy,good for within-country trends; cross-country levels are limited by source units and classification differences,SCB CN 2-digit import value proxy.
se_dairy_eggs_imports,SE,2016,annual,imports,dairy_eggs,Dairy and eggs,SCB imports and exports CN monthly,ImpExpKNTotMan,SEK thousand,8622678.000,84266752.000,10.233,04,broad food group proxy,good for within-country trends; cross-country levels are limited by source units and classification differences,SCB CN 2-digit import value proxy.
se_fats_oils_imports,SE,2016,annual,imports,fats_oils,Fats and oils,SCB imports and exports CN monthly,ImpExpKNTotMan,SEK thousand,6290236.000,84266752.000,7.465,15,broad food group proxy,good for within-country trends; cross-country levels are limited by source units and classification differences,SCB CN 2-digit import value proxy.
se_fish_seafood_imports,SE,2016,annual,imports,fish_seafood,Fish and seafood,SCB imports and exports CN monthly,ImpExpKNTotMan,SEK thousand,41705589.000,84266752.000,49.492,03,broad food group proxy,good for within-country trends; cross-country levels are limited by source units and classification differences,SCB CN 2-digit import value proxy.
se_fruit_veg_imports,SE,2016,annual,imports,fruit_veg,Fruit and vegetables,SCB imports and exports CN monthly,ImpExpKNTotMan,SEK thousand,16386997.000,84266752.000,19.447,07+08,broad food group proxy,good for within-country trends; cross-country levels are limited by source units and classification differences,SCB CN 2-digit import value proxy.
se_meat_imports,SE,2016,annual,imports,meat,Meat,SCB imports and exports CN monthly,ImpExpKNTotMan,SEK thousand,10036468.000,84266752.000,11.910,02,broad food group proxy,good for within-country trends; cross-country levels are limited by source units and classification differences,SCB CN 2-digit import value proxy.
se_cereals_imports,SE,2017,annual,imports,cereals,Cereals,SCB imports and exports CN monthly,ImpExpKNTotMan,SEK thousand,1294842.000,84761474.000,1.528,10,broad food group proxy,good for within-country trends; cross-country levels are limited by source units and classification differences,SCB CN 2-digit import value proxy.
se_dairy_eggs_imports,SE,2017,annual,imports,dairy_eggs,Dairy and eggs,SCB imports and exports CN monthly,ImpExpKNTotMan,SEK thousand,9862870.000,84761474.000,11.636,04,broad food group proxy,good for within-country trends; cross-country levels are limited by source units and classification differences,SCB CN 2-digit import value proxy.
se_fats_oils_imports,SE,2017,annual,imports,fats_oils,Fats and oils,SCB imports and exports CN monthly,ImpExpKNTotMan,SEK thousand,6982898.000,84761474.000,8.238,15,broad food group proxy,good for within-country trends; cross-country levels are limited by source units and classification differences,SCB CN 2-digit import value proxy.
se_fish_seafood_imports,SE,2017,annual,imports,fish_seafood,Fish and seafood,SCB imports and exports CN monthly,ImpExpKNTotMan,SEK thousand,39455995.000,84761474.000,46.549,03,broad food group proxy,good for within-country trends; cross-country levels are limited by source units and classification differences,SCB CN 2-digit import value proxy.
se_fruit_veg_imports,SE,2017,annual,imports,fruit_veg,Fruit and vegetables,SCB imports and exports CN monthly,ImpExpKNTotMan,SEK thousand,16797013.000,84761474.000,19.817,07+08,broad food group proxy,good for within-country trends; cross-country levels are limited by source units and classification differences,SCB CN 2-digit import value proxy.
se_meat_imports,SE,2017,annual,imports,meat,Meat,SCB imports and exports CN monthly,ImpExpKNTotMan,SEK thousand,10367856.000,84761474.000,12.232,02,broad food group proxy,good for within-country trends; cross-country levels are limited by source units and classification differences,SCB CN 2-digit import value proxy.
se_cereals_imports,SE,2018,annual,imports,cereals,Cereals,SCB imports and exports CN monthly,ImpExpKNTotMan,SEK thousand,1994182.000,93016836.000,2.144,10,broad food group proxy,good for within-country trends; cross-country levels are limited by source units and classification differences,SCB CN 2-digit import value proxy.
se_dairy_eggs_imports,SE,2018,annual,imports,dairy_eggs,Dairy and eggs,SCB imports and exports CN monthly,ImpExpKNTotMan,SEK thousand,10463405.000,93016836.000,11.249,04,broad food group proxy,good for within-country trends; cross-country levels are limited by source units and classification differences,SCB CN 2-digit import value proxy.
se_fats_oils_imports,SE,2018,annual,imports,fats_oils,Fats and oils,SCB imports and exports CN monthly,ImpExpKNTotMan,SEK thousand,6952218.000,93016836.000,7.474,15,broad food group proxy,good for within-country trends; cross-country levels are limited by source units and classification differences,SCB CN 2-digit import value proxy.
se_fish_seafood_imports,SE,2018,annual,imports,fish_seafood,Fish and seafood,SCB imports and exports CN monthly,ImpExpKNTotMan,SEK thousand,45678889.000,93016836.000,49.108,03,broad food group proxy,good for within-country trends; cross-country levels are limited by source units and classification differences,SCB CN 2-digit import value proxy.
se_fruit_veg_imports,SE,2018,annual,imports,fruit_veg,Fruit and vegetables,SCB imports and exports CN monthly,ImpExpKNTotMan,SEK thousand,17406168.000,93016836.000,18.713,07+08,broad food group proxy,good for within-country trends; cross-country levels are limited by source units and classification differences,SCB CN 2-digit import value proxy.
se_meat_imports,SE,2018,annual,imports,meat,Meat,SCB imports and exports CN monthly,ImpExpKNTotMan,SEK thousand,10521974.000,93016836.000,11.312,02,broad food group proxy,good for within-country trends; cross-country levels are limited by source units and classification differences,SCB CN 2-digit import value proxy.
se_cereals_imports,SE,2019,annual,imports,cereals,Cereals,SCB imports and exports CN monthly,ImpExpKNTotMan,SEK thousand,2391048.000,94988296.000,2.517,10,broad food group proxy,good for within-country trends; cross-country levels are limited by source units and classification differences,SCB CN 2-digit import value proxy.
se_dairy_eggs_imports,SE,2019,annual,imports,dairy_eggs,Dairy and eggs,SCB imports and exports CN monthly,ImpExpKNTotMan,SEK thousand,10822062.000,94988296.000,11.393,04,broad food group proxy,good for within-country trends; cross-country levels are limited by source units and classification differences,SCB CN 2-digit import value proxy.
se_fats_oils_imports,SE,2019,annual,imports,fats_oils,Fats and oils,SCB imports and exports CN monthly,ImpExpKNTotMan,SEK thousand,7521696.000,94988296.000,7.919,15,broad food group proxy,good for within-country trends; cross-country levels are limited by source units and classification differences,SCB CN 2-digit import value proxy.
se_fish_seafood_imports,SE,2019,annual,imports,fish_seafood,Fish and seafood,SCB imports and exports CN monthly,ImpExpKNTotMan,SEK thousand,46387937.000,94988296.000,48.835,03,broad food group proxy,good for within-country trends; cross-country levels are limited by source units and classification differences,SCB CN 2-digit import value proxy.
se_fruit_veg_imports,SE,2019,annual,imports,fruit_veg,Fruit and vegetables,SCB imports and exports CN monthly,ImpExpKNTotMan,SEK thousand,17589173.000,94988296.000,18.517,07+08,broad food group proxy,good for within-country trends; cross-country levels are limited by source units and classification differences,SCB CN 2-digit import value proxy.
se_meat_imports,SE,2019,annual,imports,meat,Meat,SCB imports and exports CN monthly,ImpExpKNTotMan,SEK thousand,10276380.000,94988296.000,10.819,02,broad food group proxy,good for within-country trends; cross-country levels are limited by source units and classification differences,SCB CN 2-digit import value proxy.
se_cereals_imports,SE,2020,annual,imports,cereals,Cereals,SCB imports and exports CN monthly,ImpExpKNTotMan,SEK thousand,1405423.000,89970629.000,1.562,10,broad food group proxy,good for within-country trends; cross-country levels are limited by source units and classification differences,SCB CN 2-digit import value proxy.
se_dairy_eggs_imports,SE,2020,annual,imports,dairy_eggs,Dairy and eggs,SCB imports and exports CN monthly,ImpExpKNTotMan,SEK thousand,10213666.000,89970629.000,11.352,04,broad food group proxy,good for within-country trends; cross-country levels are limited by source units and classification differences,SCB CN 2-digit import value proxy.
se_fats_oils_imports,SE,2020,annual,imports,fats_oils,Fats and oils,SCB imports and exports CN monthly,ImpExpKNTotMan,SEK thousand,7505426.000,89970629.000,8.342,15,broad food group proxy,good for within-country trends; cross-country levels are limited by source units and classification differences,SCB CN 2-digit import value proxy.
se_fish_seafood_imports,SE,2020,annual,imports,fish_seafood,Fish and seafood,SCB imports and exports CN monthly,ImpExpKNTotMan,SEK thousand,43322803.000,89970629.000,48.152,03,broad food group proxy,good for within-country trends; cross-country levels are limited by source units and classification differences,SCB CN 2-digit import value proxy.
se_fruit_veg_imports,SE,2020,annual,imports,fruit_veg,Fruit and vegetables,SCB imports and exports CN monthly,ImpExpKNTotMan,SEK thousand,18154902.000,89970629.000,20.179,07+08,broad food group proxy,good for within-country trends; cross-country levels are limited by source units and classification differences,SCB CN 2-digit import value proxy.
se_meat_imports,SE,2020,annual,imports,meat,Meat,SCB imports and exports CN monthly,ImpExpKNTotMan,SEK thousand,9368409.000,89970629.000,10.413,02,broad food group proxy,good for within-country trends; cross-country levels are limited by source units and classification differences,SCB CN 2-digit import value proxy.
se_cereals_imports,SE,2021,annual,imports,cereals,Cereals,SCB imports and exports CN monthly,ImpExpKNTotMan,SEK thousand,1240018.000,93867859.000,1.321,10,broad food group proxy,good for within-country trends; cross-country levels are limited by source units and classification differences,SCB CN 2-digit import value proxy.
se_dairy_eggs_imports,SE,2021,annual,imports,dairy_eggs,Dairy and eggs,SCB imports and exports CN monthly,ImpExpKNTotMan,SEK thousand,10193163.000,93867859.000,10.859,04,broad food group proxy,good for within-country trends; cross-country levels are limited by source units and classification differences,SCB CN 2-digit import value proxy.
se_fats_oils_imports,SE,2021,annual,imports,fats_oils,Fats and oils,SCB imports and exports CN monthly,ImpExpKNTotMan,SEK thousand,10091058.000,93867859.000,10.750,15,broad food group proxy,good for within-country trends; cross-country levels are limited by source units and classification differences,SCB CN 2-digit import value proxy.
se_fish_seafood_imports,SE,2021,annual,imports,fish_seafood,Fish and seafood,SCB imports and exports CN monthly,ImpExpKNTotMan,SEK thousand,45032755.000,93867859.000,47.975,03,broad food group proxy,good for within-country trends; cross-country levels are limited by source units and classification differences,SCB CN 2-digit import value proxy.
se_fruit_veg_imports,SE,2021,annual,imports,fruit_veg,Fruit and vegetables,SCB imports and exports CN monthly,ImpExpKNTotMan,SEK thousand,17509442.000,93867859.000,18.653,07+08,broad food group proxy,good for within-country trends; cross-country levels are limited by source units and classification differences,SCB CN 2-digit import value proxy.
se_meat_imports,SE,2021,annual,imports,meat,Meat,SCB imports and exports CN monthly,ImpExpKNTotMan,SEK thousand,9801423.000,93867859.000,10.442,02,broad food group proxy,good for within-country trends; cross-country levels are limited by source units and classification differences,SCB CN 2-digit import value proxy.
se_cereals_imports,SE,2022,annual,imports,cereals,Cereals,SCB imports and exports CN monthly,ImpExpKNTotMan,SEK thousand,2020301.000,120642625.000,1.675,10,broad food group proxy,good for within-country trends; cross-country levels are limited by source units and classification differences,SCB CN 2-digit import value proxy.
se_dairy_eggs_imports,SE,2022,annual,imports,dairy_eggs,Dairy and eggs,SCB imports and exports CN monthly,ImpExpKNTotMan,SEK thousand,12983235.000,120642625.000,10.762,04,broad food group proxy,good for within-country trends; cross-country levels are limited by source units and classification differences,SCB CN 2-digit import value proxy.
se_fats_oils_imports,SE,2022,annual,imports,fats_oils,Fats and oils,SCB imports and exports CN monthly,ImpExpKNTotMan,SEK thousand,14677066.000,120642625.000,12.166,15,broad food group proxy,good for within-country trends; cross-country levels are limited by source units and classification differences,SCB CN 2-digit import value proxy.
se_fish_seafood_imports,SE,2022,annual,imports,fish_seafood,Fish and seafood,SCB imports and exports CN monthly,ImpExpKNTotMan,SEK thousand,58519010.000,120642625.000,48.506,03,broad food group proxy,good for within-country trends; cross-country levels are limited by source units and classification differences,SCB CN 2-digit import value proxy.
se_fruit_veg_imports,SE,2022,annual,imports,fruit_veg,Fruit and vegetables,SCB imports and exports CN monthly,ImpExpKNTotMan,SEK thousand,19227933.000,120642625.000,15.938,07+08,broad food group proxy,good for within-country trends; cross-country levels are limited by source units and classification differences,SCB CN 2-digit import value proxy.
se_meat_imports,SE,2022,annual,imports,meat,Meat,SCB imports and exports CN monthly,ImpExpKNTotMan,SEK thousand,13215080.000,120642625.000,10.954,02,broad food group proxy,good for within-country trends; cross-country levels are limited by source units and classification differences,SCB CN 2-digit import value proxy.
se_cereals_imports,SE,2023,annual,imports,cereals,Cereals,SCB imports and exports CN monthly,ImpExpKNTotMan,SEK thousand,2268382.000,130274722.000,1.741,10,broad food group proxy,good for within-country trends; cross-country levels are limited by source units and classification differences,SCB CN 2-digit import value proxy.
se_dairy_eggs_imports,SE,2023,annual,imports,dairy_eggs,Dairy and eggs,SCB imports and exports CN monthly,ImpExpKNTotMan,SEK thousand,14032689.000,130274722.000,10.772,04,broad food group proxy,good for within-country trends; cross-country levels are limited by source units and classification differences,SCB CN 2-digit import value proxy.
se_fats_oils_imports,SE,2023,annual,imports,fats_oils,Fats and oils,SCB imports and exports CN monthly,ImpExpKNTotMan,SEK thousand,14060369.000,130274722.000,10.793,15,broad food group proxy,good for within-country trends; cross-country levels are limited by source units and classification differences,SCB CN 2-digit import value proxy.
se_fish_seafood_imports,SE,2023,annual,imports,fish_seafood,Fish and seafood,SCB imports and exports CN monthly,ImpExpKNTotMan,SEK thousand,65261674.000,130274722.000,50.095,03,broad food group proxy,good for within-country trends; cross-country levels are limited by source units and classification differences,SCB CN 2-digit import value proxy.
se_fruit_veg_imports,SE,2023,annual,imports,fruit_veg,Fruit and vegetables,SCB imports and exports CN monthly,ImpExpKNTotMan,SEK thousand,20477203.000,130274722.000,15.718,07+08,broad food group proxy,good for within-country trends; cross-country levels are limited by source units and classification differences,SCB CN 2-digit import value proxy.
se_meat_imports,SE,2023,annual,imports,meat,Meat,SCB imports and exports CN monthly,ImpExpKNTotMan,SEK thousand,14174405.000,130274722.000,10.880,02,broad food group proxy,good for within-country trends; cross-country levels are limited by source units and classification differences,SCB CN 2-digit import value proxy.
se_cereals_imports,SE,2024,annual,imports,cereals,Cereals,SCB imports and exports CN monthly,ImpExpKNTotMan,SEK thousand,2444817.000,127020674.000,1.925,10,broad food group proxy,good for within-country trends; cross-country levels are limited by source units and classification differences,SCB CN 2-digit import value proxy.
se_dairy_eggs_imports,SE,2024,annual,imports,dairy_eggs,Dairy and eggs,SCB imports and exports CN monthly,ImpExpKNTotMan,SEK thousand,14510705.000,127020674.000,11.424,04,broad food group proxy,good for within-country trends; cross-country levels are limited by source units and classification differences,SCB CN 2-digit import value proxy.
se_fats_oils_imports,SE,2024,annual,imports,fats_oils,Fats and oils,SCB imports and exports CN monthly,ImpExpKNTotMan,SEK thousand,13632045.000,127020674.000,10.732,15,broad food group proxy,good for within-country trends; cross-country levels are limited by source units and classification differences,SCB CN 2-digit import value proxy.
se_fish_seafood_imports,SE,2024,annual,imports,fish_seafood,Fish and seafood,SCB imports and exports CN monthly,ImpExpKNTotMan,SEK thousand,61755731.000,127020674.000,48.619,03,broad food group proxy,good for within-country trends; cross-country levels are limited by source units and classification differences,SCB CN 2-digit import value proxy.
se_fruit_veg_imports,SE,2024,annual,imports,fruit_veg,Fruit and vegetables,SCB imports and exports CN monthly,ImpExpKNTotMan,SEK thousand,20995921.000,127020674.000,16.530,07+08,broad food group proxy,good for within-country trends; cross-country levels are limited by source units and classification differences,SCB CN 2-digit import value proxy.
se_meat_imports,SE,2024,annual,imports,meat,Meat,SCB imports and exports CN monthly,ImpExpKNTotMan,SEK thousand,13681455.000,127020674.000,10.771,02,broad food group proxy,good for within-country trends; cross-country levels are limited by source units and classification differences,SCB CN 2-digit import value proxy.
se_cereals_imports,SE,2025,annual,imports,cereals,Cereals,SCB imports and exports CN monthly,ImpExpKNTotMan,SEK thousand,1903523.000,133216386.000,1.429,10,broad food group proxy,good for within-country trends; cross-country levels are limited by source units and classification differences,SCB CN 2-digit import value proxy.
se_dairy_eggs_imports,SE,2025,annual,imports,dairy_eggs,Dairy and eggs,SCB imports and exports CN monthly,ImpExpKNTotMan,SEK thousand,15792883.000,133216386.000,11.855,04,broad food group proxy,good for within-country trends; cross-country levels are limited by source units and classification differences,SCB CN 2-digit import value proxy.
se_fats_oils_imports,SE,2025,annual,imports,fats_oils,Fats and oils,SCB imports and exports CN monthly,ImpExpKNTotMan,SEK thousand,15120756.000,133216386.000,11.351,15,broad food group proxy,good for within-country trends; cross-country levels are limited by source units and classification differences,SCB CN 2-digit import value proxy.
se_fish_seafood_imports,SE,2025,annual,imports,fish_seafood,Fish and seafood,SCB imports and exports CN monthly,ImpExpKNTotMan,SEK thousand,60813738.000,133216386.000,45.650,03,broad food group proxy,good for within-country trends; cross-country levels are limited by source units and classification differences,SCB CN 2-digit import value proxy.
se_fruit_veg_imports,SE,2025,annual,imports,fruit_veg,Fruit and vegetables,SCB imports and exports CN monthly,ImpExpKNTotMan,SEK thousand,22940283.000,133216386.000,17.220,07+08,broad food group proxy,good for within-country trends; cross-country levels are limited by source units and classification differences,SCB CN 2-digit import value proxy.
se_meat_imports,SE,2025,annual,imports,meat,Meat,SCB imports and exports CN monthly,ImpExpKNTotMan,SEK thousand,16645203.000,133216386.000,12.495,02,broad food group proxy,good for within-country trends; cross-country levels are limited by source units and classification differences,SCB CN 2-digit import value proxy.
